millis,stamp,datetime,light,temp,vcc
1000, 1562112000, "2019/7/3 0:0:0", 999, 521.50, 1.13
1999, 1562112000, "2019/7/3 0:0:0", 998, 520.92, 1.13
2999, 1562112000, "2019/7/3 0:0:0", 998, 520.34, 1.13
3998, 1562112000, "2019/7/3 0:0:0", 999, 520.92, 1.13
5000, 1562112000, "2019/7/3 0:0:0", 997, 520.34, 1.13
5998, 1562112000, "2019/7/3 0:0:0", 997, 520.34, 1.13
6999, 1562112000, "2019/7/3 0:0:0", 999, 521.50, 1.13
7999, 1562112000, "2019/7/3 0:0:0", 997, 520.92, 1.13
8999, 1562112000, "2019/7/3 0:0:0", 997, 520.92, 1.13
9999, 1562112000, "2019/7/3 0:0:0", 997, 520.92, 1.13
10998, 1562112000, "2019/7/3 0:0:0", 998, 520.92, 1.13
11999, 1562112000, "2019/7/3 0:0:0", 997, 520.34, 1.13
12999, 1562112000, "2019/7/3 0:0:0", 997, 520.34, 1.13
14000, 1562112000, "2019/7/3 0:0:0", 998, 520.92, 1.13
14999, 1562112000, "2019/7/3 0:0:0", 997, 520.34, 1.13
16000, 1562112000, "2019/7/3 0:0:0", 997, 520.34, 1.13
16998, 1562112000, "2019/7/3 0:0:0", 997, 520.34, 1.13
17998, 1562112000, "2019/7/3 0:0:0", 997, 520.34, 1.13
18999, 1562112000, "2019/7/3 0:0:0", 997, 520.92, 1.13
19998, 1562112000, "2019/7/3 0:0:0", 999, 520.92, 1.13
21000, 1562112000, "2019/7/3 0:0:0", 997, 520.34, 1.13
21999, 1562112000, "2019/7/3 0:0:0", 997, 520.34, 1.13
23000, 1562112000, "2019/7/3 0:0:0", 998, 520.92, 1.13
23999, 1562112000, "2019/7/3 0:0:0", 997, 520.34, 1.13
24999, 1562112000, "2019/7/3 0:0:0", 997, 520.34, 1.13
25999, 1562112000, "2019/7/3 0:0:0", 997, 520.34, 1.13
26999, 1562112000, "2019/7/3 0:0:0", 997, 520.34, 1.13
27999, 1562112000, "2019/7/3 0:0:0", 997, 520.34, 1.13
28998, 1562112000, "2019/7/3 0:0:0", 998, 520.92, 1.13
30000, 1562112000, "2019/7/3 0:0:0", 997, 520.34, 1.13
30999, 1562112000, "2019/7/3 0:0:0", 997, 520.34, 1.13
32000, 1562112000, "2019/7/3 0:0:0", 997, 520.34, 1.13
33000, 1562112000, "2019/7/3 0:0:0", 998, 520.92, 1.13
33999, 1562112000, "2019/7/3 0:0:0", 997, 520.34, 1.13
34999, 1562112000, "2019/7/3 0:0:0", 997, 520.34, 1.13
35999, 1562112000, "2019/7/3 0:0:0", 997, 520.34, 1.13
37000, 1562112000, "2019/7/3 0:0:0", 998, 520.92, 1.13
37999, 1562112000, "2019/7/3 0:0:0", 997, 520.34, 1.13
39000, 1562112000, "2019/7/3 0:0:0", 998, 520.92, 1.13
39999, 1562112000, "2019/7/3 0:0:0", 997, 520.34, 1.13
40999, 1562112000, "2019/7/3 0:0:0", 997, 520.34, 1.13
41999, 1562112000, "2019/7/3 0:0:0", 997, 520.34, 1.13
42999, 1562112000, "2019/7/3 0:0:0", 997, 520.34, 1.13
43998, 1562112000, "2019/7/3 0:0:0", 997, 520.34, 1.13
44998, 1562112000, "2019/7/3 0:0:0", 997, 520.34, 1.13
46000, 1562112000, "2019/7/3 0:0:0", 997, 520.34, 1.13
46999, 1562112000, "2019/7/3 0:0:0", 997, 520.34, 1.13
48000, 1562112000, "2019/7/3 0:0:0", 998, 520.92, 1.13
48999, 1562112000, "2019/7/3 0:0:0", 997, 520.34, 1.13
49999, 1562112000, "2019/7/3 0:0:0", 997, 520.34, 1.13
50999, 1562112000, "2019/7/3 0:0:0", 997, 520.34, 1.13
51999, 1562112000, "2019/7/3 0:0:0", 997, 520.34, 1.13
53000, 1562112000, "2019/7/3 0:0:0", 997, 520.34, 1.13
53999, 1562112000, "2019/7/3 0:0:0", 997, 520.34, 1.13
54999, 1562112000, "2019/7/3 0:0:0", 997, 520.34, 1.13
55999, 1562112000, "2019/7/3 0:0:0", 997, 520.34, 1.13
56998, 1562112000, "2019/7/3 0:0:0", 998, 520.92, 1.13
57999, 1562112000, "2019/7/3 0:0:0", 997, 520.34, 1.13
58999, 1562112000, "2019/7/3 0:0:0", 997, 520.34, 1.13
59998, 1562112000, "2019/7/3 0:0:0", 997, 520.34, 1.13
60998, 1562112000, "2019/7/3 0:0:0", 997, 520.34, 1.13
62000, 1562112000, "2019/7/3 0:0:0", 997, 520.34, 1.13
62999, 1562112000, "2019/7/3 0:0:0", 997, 520.34, 1.13
63998, 1562112000, "2019/7/3 0:0:0", 997, 520.34, 1.13
64999, 1562112000, "2019/7/3 0:0:0", 997, 520.34, 1.13
65999, 1562112000, "2019/7/3 0:0:0", 997, 520.34, 1.13
66999, 1562112000, "2019/7/3 0:0:0", 997, 520.34, 1.13
67999, 1562112000, "2019/7/3 0:0:0", 998, 520.92, 1.13
69000, 1562112000, "2019/7/3 0:0:0", 997, 520.34, 1.13
69998, 1562112000, "2019/7/3 0:0:0", 997, 520.34, 1.13
70999, 1562112000, "2019/7/3 0:0:0", 998, 520.92, 1.13
71999, 1562112000, "2019/7/3 0:0:0", 997, 520.34, 1.13
72999, 1562112000, "2019/7/3 0:0:0", 997, 520.34, 1.13
73999, 1562112000, "2019/7/3 0:0:0", 997, 520.34, 1.13
74998, 1562112000, "2019/7/3 0:0:0", 998, 520.92, 1.13
76000, 1562112000, "2019/7/3 0:0:0", 997, 520.34, 1.13
76999, 1562112000, "2019/7/3 0:0:0", 997, 520.34, 1.13
78000, 1562112000, "2019/7/3 0:0:0", 998, 520.92, 1.13
78999, 1562112000, "2019/7/3 0:0:0", 997, 520.34, 1.13
80000, 1562112000, "2019/7/3 0:0:0", 997, 520.34, 1.13
80999, 1562112000, "2019/7/3 0:0:0", 997, 520.34, 1.13
81999, 1562112000, "2019/7/3 0:0:0", 997, 520.34, 1.13
82999, 1562112000, "2019/7/3 0:0:0", 997, 520.34, 1.13
83999, 1562112000, "2019/7/3 0:0:0", 998, 520.92, 1.13
85000, 1562112000, "2019/7/3 0:0:0", 997, 520.34, 1.13
85999, 1562112000, "2019/7/3 0:0:0", 997, 520.34, 1.13
86999, 1562112000, "2019/7/3 0:0:0", 998, 520.92, 1.13
87999, 1562112000, "2019/7/3 0:0:0", 997, 520.34, 1.13
88998, 1562112000, "2019/7/3 0:0:0", 997, 520.34, 1.13
89999, 1562112000, "2019/7/3 0:0:0", 997, 520.34, 1.13
90999, 1562112000, "2019/7/3 0:0:0", 997, 520.34, 1.13
91999, 1562112000, "2019/7/3 0:0:0", 997, 520.34, 1.13
92999, 1562112000, "2019/7/3 0:0:0", 998, 520.92, 1.13
94000, 1562112000, "2019/7/3 0:0:0", 997, 520.34, 1.13
94999, 1562112000, "2019/7/3 0:0:0", 997, 520.34, 1.13
96000, 1562112000, "2019/7/3 0:0:0", 998, 520.92, 1.13
96999, 1562112000, "2019/7/3 0:0:0", 997, 520.34, 1.13
97999, 1562112000, "2019/7/3 0:0:0", 997, 520.34, 1.13
98999, 1562112000, "2019/7/3 0:0:0", 997, 520.34, 1.13
99999, 1562112000, "2019/7/3 0:0:0", 997, 520.34, 1.13
101000, 1562112000, "2019/7/3 0:0:0", 997, 520.34, 1.13
101999, 1562112000, "2019/7/3 0:0:0", 997, 520.34, 1.13
103000, 1562112000, "2019/7/3 0:0:0", 998, 520.92, 1.13
103999, 1562112000, "2019/7/3 0:0:0", 997, 520.34, 1.13
104999, 1562112000, "2019/7/3 0:0:0", 997, 520.34, 1.13
105999, 1562112000, "2019/7/3 0:0:0", 997, 520.34, 1.13
106999, 1562112000, "2019/7/3 0:0:0", 997, 520.34, 1.13
107999, 1562112000, "2019/7/3 0:0:0", 997, 520.92, 1.13
108999, 1562112000, "2019/7/3 0:0:0", 997, 520.34, 1.13
109999, 1562112000, "2019/7/3 0:0:0", 998, 520.92, 1.13
110999, 1562112000, "2019/7/3 0:0:0", 997, 520.34, 1.13
112000, 1562112000, "2019/7/3 0:0:0", 998, 520.92, 1.13
112998, 1562112000, "2019/7/3 0:0:0", 997, 520.34, 1.13
113999, 1562112000, "2019/7/3 0:0:0", 997, 520.34, 1.13
114999, 1562112000, "2019/7/3 0:0:0", 997, 520.34, 1.13
115999, 1562112000, "2019/7/3 0:0:0", 997, 520.34, 1.13
116999, 1562112000, "2019/7/3 0:0:0", 997, 520.34, 1.13
117999, 1562112000, "2019/7/3 0:0:0", 997, 520.34, 1.13
119000, 1562112000, "2019/7/3 0:0:0", 998, 520.34, 1.13
119999, 1562112000, "2019/7/3 0:0:0", 997, 520.34, 1.13
120999, 1562112000, "2019/7/3 0:0:0", 998, 520.92, 1.13
121999, 1562112000, "2019/7/3 0:0:0", 997, 520.34, 1.13
122999, 1562112000, "2019/7/3 0:0:0", 997, 520.34, 1.13
123999, 1562112000, "2019/7/3 0:0:0", 997, 520.34, 1.13
124998, 1562112000, "2019/7/3 0:0:0", 997, 520.34, 1.13
126000, 1562112000, "2019/7/3 0:0:0", 997, 520.34, 1.13
126999, 1562112000, "2019/7/3 0:0:0", 997, 520.34, 1.13
128000, 1562112000, "2019/7/3 0:0:0", 997, 520.92, 1.13
128999, 1562112000, "2019/7/3 0:0:0", 997, 520.34, 1.13
129999, 1562112000, "2019/7/3 0:0:0", 998, 520.92, 1.13
130999, 1562112000, "2019/7/3 0:0:0", 997, 520.34, 1.13
131999, 1562112000, "2019/7/3 0:0:0", 997, 520.34, 1.13
133000, 1562112000, "2019/7/3 0:0:0", 997, 520.34, 1.13
133999, 1562112000, "2019/7/3 0:0:0", 997, 520.34, 1.13
135000, 1562112000, "2019/7/3 0:0:0", 997, 520.34, 1.13
135999, 1562112000, "2019/7/3 0:0:0", 998, 520.92, 1.13
136999, 1562112000, "2019/7/3 0:0:0", 998, 520.92, 1.13
137999, 1562112000, "2019/7/3 0:0:0", 997, 520.34, 1.13
138999, 1562112000, "2019/7/3 0:0:0", 997, 520.34, 1.13
139998, 1562112000, "2019/7/3 0:0:0", 997, 520.34, 1.13
140999, 1562112000, "2019/7/3 0:0:0", 997, 520.34, 1.13
142000, 1562112000, "2019/7/3 0:0:0", 997, 520.34, 1.13
142999, 1562112000, "2019/7/3 0:0:0", 997, 520.34, 1.13
143998, 1562112000, "2019/7/3 0:0:0", 997, 520.34, 1.13
144999, 1562112000, "2019/7/3 0:0:0", 998, 520.92, 1.13
145999, 1562112000, "2019/7/3 0:0:0", 997, 520.34, 1.13
147000, 1562112000, "2019/7/3 0:0:0", 998, 520.92, 1.13
147999, 1562112000, "2019/7/3 0:0:0", 997, 520.34, 1.13
149000, 1562112000, "2019/7/3 0:0:0", 997, 520.34, 1.13
149999, 1562112000, "2019/7/3 0:0:0", 997, 520.34, 1.13
151000, 1562112000, "2019/7/3 0:0:0", 997, 520.34, 1.13
151999, 1562112000, "2019/7/3 0:0:0", 997, 520.34, 1.13
152999, 1562112000, "2019/7/3 0:0:0", 998, 520.92, 1.13
153999, 1562112000, "2019/7/3 0:0:0", 997, 520.34, 1.13
154999, 1562112000, "2019/7/3 0:0:0", 997, 520.34, 1.13
156000, 1562112000, "2019/7/3 0:0:0", 998, 520.92, 1.13
156998, 1562112000, "2019/7/3 0:0:0", 997, 520.34, 1.13
157999, 1562112000, "2019/7/3 0:0:0", 997, 520.34, 1.13
158999, 1562112000, "2019/7/3 0:0:0", 997, 520.34, 1.13
160000, 1562112000, "2019/7/3 0:0:0", 998, 520.92, 1.13
160999, 1562112000, "2019/7/3 0:0:0", 997, 520.34, 1.13
161999, 1562112000, "2019/7/3 0:0:0", 997, 520.34, 1.13
162999, 1562112000, "2019/7/3 0:0:0", 997, 520.34, 1.13
163999, 1562112000, "2019/7/3 0:0:0", 997, 520.34, 1.13
164999, 1562112000, "2019/7/3 0:0:0", 998, 520.92, 1.13
165999, 1562112000, "2019/7/3 0:0:0", 997, 520.34, 1.13
167000, 1562112000, "2019/7/3 0:0:0", 997, 520.34, 1.13
167999, 1562112000, "2019/7/3 0:0:0", 997, 520.34, 1.13
168998, 1562112000, "2019/7/3 0:0:0", 997, 520.34, 1.13
169999, 1562112000, "2019/7/3 0:0:0", 997, 520.34, 1.13
170999, 1562112000, "2019/7/3 0:0:0", 997, 520.34, 1.13
172000, 1562112000, "2019/7/3 0:0:0", 998, 520.92, 1.13
172998, 1562112000, "2019/7/3 0:0:0", 997, 520.34, 1.13
173999, 1562112000, "2019/7/3 0:0:0", 998, 520.92, 1.13
174999, 1562112000, "2019/7/3 0:0:0", 997, 520.34, 1.13
175998, 1562112000, "2019/7/3 0:0:0", 997, 520.34, 1.13
176999, 1562112000, "2019/7/3 0:0:0", 997, 520.34, 1.13
177999, 1562112000, "2019/7/3 0:0:0", 997, 520.34, 1.13
178999, 1562112000, "2019/7/3 0:0:0", 997, 520.34, 1.13
179998, 1562112000, "2019/7/3 0:0:0", 997, 520.34, 1.13
181000, 1562112000, "2019/7/3 0:0:0", 997, 520.34, 1.13
181999, 1562112000, "2019/7/3 0:0:0", 997, 520.34, 1.13
183000, 1562112000, "2019/7/3 0:0:0", 998, 520.92, 1.13
183998, 1562112000, "2019/7/3 0:0:0", 997, 520.34, 1.13
184999, 1562112000, "2019/7/3 0:0:0", 997, 520.34, 1.13
185999, 1562112000, "2019/7/3 0:0:0", 997, 520.34, 1.13
186999, 1562112000, "2019/7/3 0:0:0", 997, 520.34, 1.13
188000, 1562112000, "2019/7/3 0:0:0", 997, 520.34, 1.13
188999, 1562112000, "2019/7/3 0:0:0", 997, 520.34, 1.13
190000, 1562112000, "2019/7/3 0:0:0", 998, 520.92, 1.13
190999, 1562112000, "2019/7/3 0:0:0", 997, 520.34, 1.13
191998, 1562112000, "2019/7/3 0:0:0", 998, 520.92, 1.13
192999, 1562112000, "2019/7/3 0:0:0", 997, 520.34, 1.13
193999, 1562112000, "2019/7/3 0:0:0", 997, 520.34, 1.13
194998, 1562112000, "2019/7/3 0:0:0", 997, 520.34, 1.13
195998, 1562112000, "2019/7/3 0:0:0", 998, 520.34, 1.13
197000, 1562112000, "2019/7/3 0:0:0", 997, 520.34, 1.13
197999, 1562112000, "2019/7/3 0:0:0", 997, 520.34, 1.13
198999, 1562112000, "2019/7/3 0:0:0", 998, 520.92, 1.13
199999, 1562112000, "2019/7/3 0:0:0", 997, 520.34, 1.13
200998, 1562112000, "2019/7/3 0:0:0", 998, 520.92, 1.13
201999, 1562112000, "2019/7/3 0:0:0", 997, 520.34, 1.13
202999, 1562112000, "2019/7/3 0:0:0", 997, 520.34, 1.13
204000, 1562112000, "2019/7/3 0:0:0", 997, 520.34, 1.13
204999, 1562112000, "2019/7/3 0:0:0", 997, 520.34, 1.13
205999, 1562112000, "2019/7/3 0:0:0", 997, 520.34, 1.13
206999, 1562112000, "2019/7/3 0:0:0", 997, 520.34, 1.13
208000, 1562112000, "2019/7/3 0:0:0", 998, 520.92, 1.13
208999, 1562112000, "2019/7/3 0:0:0", 997, 520.34, 1.13
209999, 1562112000, "2019/7/3 0:0:0", 998, 520.92, 1.13
211000, 1562112000, "2019/7/3 0:0:0", 997, 520.34, 1.13
211998, 1562112000, "2019/7/3 0:0:0", 997, 520.34, 1.13
212999, 1562112000, "2019/7/3 0:0:0", 998, 520.92, 1.13
213999, 1562112000, "2019/7/3 0:0:0", 997, 520.34, 1.13
214999, 1562112000, "2019/7/3 0:0:0", 997, 520.34, 1.13
215998, 1562112000, "2019/7/3 0:0:0", 997, 520.34, 1.13
216999, 1562112000, "2019/7/3 0:0:0", 997, 520.34, 1.13
217999, 1562112000, "2019/7/3 0:0:0", 997, 520.34, 1.13
218999, 1562112000, "2019/7/3 0:0:0", 998, 520.92, 1.13
220000, 1562112000, "2019/7/3 0:0:0", 997, 520.34, 1.13
220999, 1562112000, "2019/7/3 0:0:0", 997, 520.34, 1.13
221999, 1562112000, "2019/7/3 0:0:0", 998, 520.92, 1.13
222998, 1562112000, "2019/7/3 0:0:0", 997, 520.34, 1.13
224000, 1562112000, "2019/7/3 0:0:0", 997, 520.34, 1.13
224999, 1562112000, "2019/7/3 0:0:0", 997, 520.34, 1.13
225999, 1562112000, "2019/7/3 0:0:0", 996, 520.34, 1.13
226999, 1562112000, "2019/7/3 0:0:0", 997, 520.34, 1.13
227998, 1562112000, "2019/7/3 0:0:0", 998, 520.92, 1.13
228999, 1562112000, "2019/7/3 0:0:0", 997, 520.34, 1.13
229998, 1562112000, "2019/7/3 0:0:0", 997, 520.34, 1.13
230999, 1562112000, "2019/7/3 0:0:0", 998, 520.92, 1.13
231999, 1562112000, "2019/7/3 0:0:0", 997, 520.34, 1.13
232999, 1562112000, "2019/7/3 0:0:0", 997, 520.34, 1.13
233999, 1562112000, "2019/7/3 0:0:0", 997, 520.34, 1.13
234999, 1562112000, "2019/7/3 0:0:0", 998, 520.92, 1.13
235999, 1562112000, "2019/7/3 0:0:0", 997, 520.34, 1.13
236999, 1562112000, "2019/7/3 0:0:0", 998, 520.92, 1.13
238000, 1562112000, "2019/7/3 0:0:0", 997, 520.34, 1.13
238999, 1562112000, "2019/7/3 0:0:0", 997, 520.34, 1.13
240000, 1562112000, "2019/7/3 0:0:0", 998, 520.92, 1.13
240999, 1562112000, "2019/7/3 0:0:0", 997, 520.34, 1.13
241999, 1562112000, "2019/7/3 0:0:0", 997, 520.34, 1.13
242999, 1562112000, "2019/7/3 0:0:0", 997, 520.34, 1.13
243999, 1562112000, "2019/7/3 0:0:0", 997, 520.34, 1.13
244999, 1562112000, "2019/7/3 0:0:0", 997, 520.34, 1.13
245999, 1562112000, "2019/7/3 0:0:0", 998, 520.92, 1.13
246999, 1562112000, "2019/7/3 0:0:0", 997, 520.34, 1.13
247999, 1562112000, "2019/7/3 0:0:0", 997, 520.34, 1.13
248999, 1562112000, "2019/7/3 0:0:0", 997, 520.34, 1.13
249999, 1562112000, "2019/7/3 0:0:0", 997, 520.34, 1.13
250999, 1562112000, "2019/7/3 0:0:0", 997, 520.34, 1.13
251998, 1562112000, "2019/7/3 0:0:0", 997, 520.34, 1.13
252998, 1562112000, "2019/7/3 0:0:0", 998, 520.92, 1.13
254000, 1562112000, "2019/7/3 0:0:0", 997, 520.34, 1.13
254999, 1562112000, "2019/7/3 0:0:0", 997, 520.34, 1.13
256000, 1562112000, "2019/7/3 0:0:0", 998, 520.92, 1.13
256999, 1562112000, "2019/7/3 0:0:0", 997, 520.34, 1.13
257999, 1562112000, "2019/7/3 0:0:0", 997, 520.34, 1.13
258999, 1562112000, "2019/7/3 0:0:0", 997, 520.34, 1.13
259998, 1562112000, "2019/7/3 0:0:0", 997, 520.34, 1.13
261000, 1562112000, "2019/7/3 0:0:0", 997, 520.34, 1.13
261999, 1562112000, "2019/7/3 0:0:0", 997, 520.34, 1.13
263000, 1562112000, "2019/7/3 0:0:0", 997, 520.34, 1.13
263998, 1562112000, "2019/7/3 0:0:0", 998, 520.92, 1.13
264999, 1562112000, "2019/7/3 0:0:0", 997, 520.34, 1.13
265999, 1562112000, "2019/7/3 0:0:0", 997, 520.34, 1.13
266999, 1562112000, "2019/7/3 0:0:0", 997, 520.34, 1.13
267999, 1562112000, "2019/7/3 0:0:0", 998, 520.92, 1.13
268999, 1562112000, "2019/7/3 0:0:0", 997, 520.34, 1.13
269999, 1562112000, "2019/7/3 0:0:0", 997, 520.34, 1.13
270999, 1562112000, "2019/7/3 0:0:0", 997, 520.34, 1.13
272000, 1562112000, "2019/7/3 0:0:0", 997, 520.34, 1.13
273000, 1562112000, "2019/7/3 0:0:0", 998, 520.92, 1.13
273998, 1562112000, "2019/7/3 0:0:0", 997, 520.34, 1.13
274999, 1562112000, "2019/7/3 0:0:0", 997, 520.34, 1.13
275999, 1562112000, "2019/7/3 0:0:0", 997, 520.34, 1.13
277000, 1562112000, "2019/7/3 0:0:0", 997, 520.34, 1.13
277999, 1562112000, "2019/7/3 0:0:0", 997, 520.34, 1.13
279000, 1562112000, "2019/7/3 0:0:0", 998, 520.92, 1.13
279999, 1562112000, "2019/7/3 0:0:0", 997, 520.34, 1.13
280998, 1562112000, "2019/7/3 0:0:0", 997, 520.34, 1.13
281999, 1562112000, "2019/7/3 0:0:0", 998, 520.92, 1.13
282999, 1562112000, "2019/7/3 0:0:0", 997, 520.34, 1.13
283999, 1562112000, "2019/7/3 0:0:0", 997, 520.34, 1.13
284999, 1562112000, "2019/7/3 0:0:0", 997, 520.34, 1.13
286000, 1562112000, "2019/7/3 0:0:0", 997, 520.34, 1.13
286999, 1562112000, "2019/7/3 0:0:0", 997, 520.34, 1.13
288000, 1562112000, "2019/7/3 0:0:0", 998, 520.92, 1.13
288999, 1562112000, "2019/7/3 0:0:0", 997, 520.34, 1.13
289999, 1562112000, "2019/7/3 0:0:0", 997, 520.34, 1.13
290999, 1562112000, "2019/7/3 0:0:0", 998, 520.92, 1.13
291999, 1562112000, "2019/7/3 0:0:0", 997, 520.34, 1.13
293000, 1562112000, "2019/7/3 0:0:0", 997, 520.34, 1.13
293998, 1562112000, "2019/7/3 0:0:0", 997, 520.34, 1.13
294999, 1562112000, "2019/7/3 0:0:0", 998, 520.92, 1.13
295999, 1562112000, "2019/7/3 0:0:0", 997, 520.34, 1.13
296999, 1562112000, "2019/7/3 0:0:0", 997, 520.34, 1.13
297999, 1562112000, "2019/7/3 0:0:0", 997, 520.34, 1.13
298999, 1562112000, "2019/7/3 0:0:0", 997, 520.34, 1.13
299999, 1562112000, "2019/7/3 0:0:0", 998, 520.92, 1.13
300999, 1562112000, "2019/7/3 0:0:0", 997, 520.34, 1.13
301999, 1562112000, "2019/7/3 0:0:0", 997, 520.34, 1.13
302999, 1562112000, "2019/7/3 0:0:0", 997, 520.34, 1.13
304000, 1562112000, "2019/7/3 0:0:0", 997, 520.34, 1.13
304999, 1562112000, "2019/7/3 0:0:0", 997, 520.34, 1.13
305999, 1562112000, "2019/7/3 0:0:0", 997, 520.34, 1.13
306999, 1562112000, "2019/7/3 0:0:0", 997, 520.34, 1.13
307999, 1562112000, "2019/7/3 0:0:0", 997, 520.34, 1.13
308999, 1562112000, "2019/7/3 0:0:0", 998, 520.92, 1.13
309999, 1562112000, "2019/7/3 0:0:0", 997, 520.34, 1.13
311000, 1562112000, "2019/7/3 0:0:0", 997, 520.34, 1.13
311999, 1562112000, "2019/7/3 0:0:0", 997, 520.34, 1.13
312999, 1562112000, "2019/7/3 0:0:0", 997, 520.34, 1.13
313999, 1562112000, "2019/7/3 0:0:0", 997, 520.34, 1.13
314999, 1562112000, "2019/7/3 0:0:0", 997, 520.34, 1.13
316000, 1562112000, "2019/7/3 0:0:0", 997, 520.34, 1.13
316999, 1562112000, "2019/7/3 0:0:0", 997, 520.34, 1.13
318000, 1562112000, "2019/7/3 0:0:0", 998, 520.92, 1.13
318999, 1562112000, "2019/7/3 0:0:0", 997, 520.34, 1.13
319998, 1562112000, "2019/7/3 0:0:0", 997, 520.34, 1.13
320999, 1562112000, "2019/7/3 0:0:0", 997, 520.34, 1.13
321999, 1562112000, "2019/7/3 0:0:0", 997, 520.34, 1.13
322999, 1562112000, "2019/7/3 0:0:0", 997, 520.34, 1.13
323999, 1562112000, "2019/7/3 0:0:0", 997, 520.34, 1.13
325000, 1562112000, "2019/7/3 0:0:0", 997, 520.34, 1.13
325999, 1562112000, "2019/7/3 0:0:0", 997, 520.34, 1.13
326999, 1562112000, "2019/7/3 0:0:0", 998, 520.92, 1.13
327999, 1562112000, "2019/7/3 0:0:0", 997, 520.34, 1.13
328999, 1562112000, "2019/7/3 0:0:0", 997, 520.34, 1.13
329998, 1562112000, "2019/7/3 0:0:0", 997, 520.34, 1.13
330998, 1562112000, "2019/7/3 0:0:0", 996, 520.34, 1.13
331999, 1562112000, "2019/7/3 0:0:0", 997, 520.34, 1.13
332999, 1562112000, "2019/7/3 0:0:0", 997, 520.34, 1.13
334000, 1562112000, "2019/7/3 0:0:0", 997, 520.34, 1.13
334999, 1562112000, "2019/7/3 0:0:0", 997, 520.34, 1.13
336000, 1562112000, "2019/7/3 0:0:0", 998, 520.92, 1.13
336998, 1562112000, "2019/7/3 0:0:0", 997, 520.34, 1.13
337999, 1562112000, "2019/7/3 0:0:0", 997, 520.34, 1.13
338999, 1562112000, "2019/7/3 0:0:0", 997, 520.34, 1.13
339998, 1562112000, "2019/7/3 0:0:0", 997, 520.34, 1.13
341000, 1562112000, "2019/7/3 0:0:0", 997, 520.34, 1.13
341999, 1562112000, "2019/7/3 0:0:0", 997, 520.34, 1.13
342999, 1562112000, "2019/7/3 0:0:0", 997, 520.34, 1.13
343999, 1562112000, "2019/7/3 0:0:0", 997, 520.34, 1.13
344999, 1562112000, "2019/7/3 0:0:0", 998, 520.92, 1.13
345998, 1562112000, "2019/7/3 0:0:0", 997, 520.34, 1.13
346999, 1562112000, "2019/7/3 0:0:0", 997, 520.34, 1.13
348000, 1562112000, "2019/7/3 0:0:0", 997, 520.34, 1.13
348999, 1562112000, "2019/7/3 0:0:0", 997, 520.34, 1.13
350000, 1562112000, "2019/7/3 0:0:0", 998, 520.92, 1.13
350999, 1562112000, "2019/7/3 0:0:0", 997, 520.34, 1.13
352000, 1562112000, "2019/7/3 0:0:0", 997, 520.34, 1.13
352999, 1562112000, "2019/7/3 0:0:0", 997, 520.34, 1.13
353998, 1562112000, "2019/7/3 0:0:0", 998, 520.92, 1.13
354999, 1562112000, "2019/7/3 0:0:0", 997, 520.34, 1.13
355999, 1562112000, "2019/7/3 0:0:0", 997, 520.34, 1.13
357000, 1562112000, "2019/7/3 0:0:0", 998, 520.92, 1.13
357998, 1562112000, "2019/7/3 0:0:0", 997, 520.34, 1.13
359000, 1562112000, "2019/7/3 0:0:0", 997, 520.34, 1.13
359999, 1562112000, "2019/7/3 0:0:0", 997, 520.34, 1.13
360999, 1562112000, "2019/7/3 0:0:0", 997, 520.34, 1.13
361999, 1562112000, "2019/7/3 0:0:0", 997, 520.34, 1.13
362998, 1562112000, "2019/7/3 0:0:0", 998, 520.92, 1.13
363999, 1562112000, "2019/7/3 0:0:0", 997, 520.34, 1.13
364998, 1562112000, "2019/7/3 0:0:0", 997, 520.34, 1.13
365999, 1562112000, "2019/7/3 0:0:0", 998, 520.92, 1.13
366998, 1562112000, "2019/7/3 0:0:0", 997, 520.34, 1.13
367998, 1562112000, "2019/7/3 0:0:0", 997, 520.34, 1.13
368999, 1562112000, "2019/7/3 0:0:0", 997, 520.34, 1.13
369999, 1562112000, "2019/7/3 0:0:0", 997, 520.34, 1.13
370999, 1562112000, "2019/7/3 0:0:0", 997, 520.34, 1.13
371998, 1562112000, "2019/7/3 0:0:0", 998, 520.92, 1.13
372999, 1562112000, "2019/7/3 0:0:0", 997, 520.34, 1.13
373999, 1562112000, "2019/7/3 0:0:0", 997, 520.34, 1.13
375000, 1562112000, "2019/7/3 0:0:0", 998, 520.92, 1.13
375999, 1562112000, "2019/7/3 0:0:0", 997, 520.34, 1.13
376999, 1562112000, "2019/7/3 0:0:0", 997, 520.34, 1.13
377999, 1562112000, "2019/7/3 0:0:0", 997, 520.34, 1.13
378999, 1562112000, "2019/7/3 0:0:0", 997, 520.34, 1.13
379999, 1562112000, "2019/7/3 0:0:0", 997, 520.34, 1.13
380998, 1562112000, "2019/7/3 0:0:0", 998, 520.92, 1.13
382000, 1562112000, "2019/7/3 0:0:0", 997, 520.34, 1.13
382998, 1562112000, "2019/7/3 0:0:0", 997, 520.34, 1.13
383998, 1562112000, "2019/7/3 0:0:0", 998, 520.92, 1.13
384999, 1562112000, "2019/7/3 0:0:0", 997, 520.34, 1.13
385999, 1562112000, "2019/7/3 0:0:0", 997, 520.34, 1.13
386999, 1562112000, "2019/7/3 0:0:0", 997, 520.34, 1.13
387999, 1562112000, "2019/7/3 0:0:0", 997, 520.34, 1.13
388999, 1562112000, "2019/7/3 0:0:0", 997, 520.34, 1.13
389998, 1562112000, "2019/7/3 0:0:0", 998, 520.92, 1.13
391000, 1562112000, "2019/7/3 0:0:0", 997, 520.34, 1.13
391999, 1562112000, "2019/7/3 0:0:0", 997, 520.34, 1.13
392999, 1562112000, "2019/7/3 0:0:0", 997, 520.34, 1.13
394000, 1562112000, "2019/7/3 0:0:0", 998, 520.92, 1.13
394999, 1562112000, "2019/7/3 0:0:0", 997, 520.34, 1.13
396000, 1562112000, "2019/7/3 0:0:0", 997, 520.34, 1.13
396999, 1562112000, "2019/7/3 0:0:0", 997, 520.34, 1.13
398000, 1562112000, "2019/7/3 0:0:0", 997, 520.34, 1.13
398998, 1562112000, "2019/7/3 0:0:0", 998, 520.92, 1.13
399998, 1562112000, "2019/7/3 0:0:0", 997, 520.34, 1.13
400999, 1562112000, "2019/7/3 0:0:0", 997, 520.34, 1.13
401999, 1562112000, "2019/7/3 0:0:0", 997, 520.34, 1.13
402999, 1562112000, "2019/7/3 0:0:0", 997, 520.34, 1.13
403999, 1562112000, "2019/7/3 0:0:0", 997, 520.34, 1.13
405000, 1562112000, "2019/7/3 0:0:0", 997, 520.34, 1.13
405999, 1562112000, "2019/7/3 0:0:0", 997, 520.34, 1.13
407000, 1562112000, "2019/7/3 0:0:0", 997, 520.34, 1.13
408000, 1562112000, "2019/7/3 0:0:0", 998, 520.92, 1.13
408999, 1562112000, "2019/7/3 0:0:0", 997, 520.34, 1.13
409999, 1562112000, "2019/7/3 0:0:0", 997, 520.34, 1.13
410999, 1562112000, "2019/7/3 0:0:0", 998, 520.92, 1.13
411999, 1562112000, "2019/7/3 0:0:0", 997, 520.34, 1.13
412999, 1562112000, "2019/7/3 0:0:0", 997, 520.34, 1.13
414000, 1562112000, "2019/7/3 0:0:0", 998, 520.92, 1.13
414999, 1562112000, "2019/7/3 0:0:0", 997, 520.34, 1.13
416000, 1562112000, "2019/7/3 0:0:0", 997, 520.34, 1.13
417000, 1562112000, "2019/7/3 0:0:0", 998, 520.92, 1.13
417998, 1562112000, "2019/7/3 0:0:0", 997, 520.34, 1.13
418999, 1562112000, "2019/7/3 0:0:0", 997, 520.34, 1.13
419999, 1562112000, "2019/7/3 0:0:0", 997, 520.34, 1.13
421000, 1562112000, "2019/7/3 0:0:0", 997, 520.34, 1.13
421999, 1562112000, "2019/7/3 0:0:0", 997, 520.34, 1.13
422999, 1562112000, "2019/7/3 0:0:0", 998, 520.92, 1.13
423998, 1562112000, "2019/7/3 0:0:0", 997, 520.34, 1.13
424999, 1562112000, "2019/7/3 0:0:0", 997, 520.34, 1.13
426000, 1562112000, "2019/7/3 0:0:0", 998, 520.92, 1.13
426998, 1562112000, "2019/7/3 0:0:0", 997, 520.34, 1.13
428000, 1562112000, "2019/7/3 0:0:0", 997, 520.34, 1.13
428999, 1562112000, "2019/7/3 0:0:0", 997, 520.34, 1.13
430000, 1562112000, "2019/7/3 0:0:0", 998, 520.92, 1.13
430999, 1562112000, "2019/7/3 0:0:0", 997, 520.34, 1.13
432000, 1562112000, "2019/7/3 0:0:0", 997, 520.34, 1.13
432999, 1562112000, "2019/7/3 0:0:0", 997, 520.34, 1.13
433999, 1562112000, "2019/7/3 0:0:0", 997, 520.34, 1.13
434999, 1562112000, "2019/7/3 0:0:0", 998, 520.92, 1.13
435998, 1562112000, "2019/7/3 0:0:0", 997, 520.34, 1.13
436999, 1562112000, "2019/7/3 0:0:0", 997, 520.34, 1.13
437999, 1562112000, "2019/7/3 0:0:0", 997, 520.34, 1.13
439000, 1562112000, "2019/7/3 0:0:0", 998, 520.92, 1.13
439998, 1562112000, "2019/7/3 0:0:0", 997, 520.34, 1.13
440998, 1562112000, "2019/7/3 0:0:0", 997, 520.34, 1.13
441999, 1562112000, "2019/7/3 0:0:0", 997, 520.34, 1.13
442999, 1562112000, "2019/7/3 0:0:0", 997, 520.34, 1.13
444000, 1562112000, "2019/7/3 0:0:0", 998, 520.92, 1.13
444999, 1562112000, "2019/7/3 0:0:0", 997, 520.34, 1.13
446000, 1562112000, "2019/7/3 0:0:0", 997, 520.34, 1.13
446999, 1562112000, "2019/7/3 0:0:0", 997, 520.34, 1.13
447998, 1562112000, "2019/7/3 0:0:0", 997, 520.34, 1.13
448999, 1562112000, "2019/7/3 0:0:0", 998, 520.92, 1.13
449998, 1562112000, "2019/7/3 0:0:0", 997, 520.34, 1.13
450999, 1562112000, "2019/7/3 0:0:0", 997, 520.34, 1.13
451999, 1562112000, "2019/7/3 0:0:0", 997, 520.34, 1.13
453000, 1562112000, "2019/7/3 0:0:0", 998, 520.92, 1.13
453999, 1562112000, "2019/7/3 0:0:0", 997, 520.34, 1.13
455000, 1562112000, "2019/7/3 0:0:0", 997, 520.34, 1.13
455999, 1562112000, "2019/7/3 0:0:0", 997, 520.34, 1.13
456999, 1562112000, "2019/7/3 0:0:0", 997, 520.34, 1.13
457998, 1562112000, "2019/7/3 0:0:0", 997, 520.34, 1.13
458998, 1562112000, "2019/7/3 0:0:0", 998, 520.92, 1.13
460000, 1562112000, "2019/7/3 0:0:0", 997, 520.34, 1.13
460999, 1562112000, "2019/7/3 0:0:0", 997, 520.34, 1.13
461999, 1562112000, "2019/7/3 0:0:0", 998, 520.92, 1.13
462999, 1562112000, "2019/7/3 0:0:0", 997, 520.34, 1.13
464000, 1562112000, "2019/7/3 0:0:0", 997, 520.34, 1.13
464999, 1562112000, "2019/7/3 0:0:0", 997, 520.34, 1.13
465999, 1562112000, "2019/7/3 0:0:0", 997, 520.34, 1.13
466998, 1562112000, "2019/7/3 0:0:0", 997, 520.34, 1.13
467998, 1562112000, "2019/7/3 0:0:0", 998, 520.92, 1.13
468999, 1562112000, "2019/7/3 0:0:0", 997, 520.34, 1.13
469999, 1562112000, "2019/7/3 0:0:0", 997, 520.34, 1.13
471000, 1562112000, "2019/7/3 0:0:0", 998, 520.92, 1.13
471999, 1562112000, "2019/7/3 0:0:0", 997, 520.34, 1.13
472999, 1562112000, "2019/7/3 0:0:0", 997, 520.34, 1.13
473999, 1562112000, "2019/7/3 0:0:0", 997, 520.34, 1.13
474999, 1562112000, "2019/7/3 0:0:0", 998, 520.92, 1.13
476000, 1562112000, "2019/7/3 0:0:0", 997, 520.34, 1.13
476999, 1562112000, "2019/7/3 0:0:0", 997, 520.34, 1.13
478000, 1562112000, "2019/7/3 0:0:0", 997, 520.34, 1.13
478999, 1562112000, "2019/7/3 0:0:0", 997, 520.34, 1.13
479998, 1562112000, "2019/7/3 0:0:0", 998, 520.92, 1.13
480999, 1562112000, "2019/7/3 0:0:0", 997, 520.34, 1.13
481999, 1562112000, "2019/7/3 0:0:0", 997, 520.34, 1.13
482999, 1562112000, "2019/7/3 0:0:0", 998, 520.92, 1.13
483999, 1562112000, "2019/7/3 0:0:0", 997, 520.34, 1.13
485000, 1562112000, "2019/7/3 0:0:0", 997, 520.34, 1.13
485999, 1562112000, "2019/7/3 0:0:0", 997, 520.34, 1.13
487000, 1562112000, "2019/7/3 0:0:0", 997, 520.34, 1.13
487999, 1562112000, "2019/7/3 0:0:0", 997, 520.34, 1.13
488998, 1562112000, "2019/7/3 0:0:0", 998, 520.92, 1.13
489999, 1562112000, "2019/7/3 0:0:0", 997, 520.34, 1.13
490999, 1562112000, "2019/7/3 0:0:0", 997, 520.34, 1.13
492000, 1562112000, "2019/7/3 0:0:0", 997, 520.34, 1.13
492999, 1562112000, "2019/7/3 0:0:0", 997, 520.34, 1.13
494000, 1562112000, "2019/7/3 0:0:0", 997, 520.34, 1.13
494999, 1562112000, "2019/7/3 0:0:0", 997, 520.34, 1.13
496000, 1562112000, "2019/7/3 0:0:0", 997, 520.34, 1.13
496999, 1562112000, "2019/7/3 0:0:0", 997, 520.34, 1.13
497999, 1562112000, "2019/7/3 0:0:0", 998, 520.92, 1.13
498998, 1562112000, "2019/7/3 0:0:0", 997, 520.34, 1.13
499999, 1562112000, "2019/7/3 0:0:0", 997, 520.34, 1.13
500999, 1562112000, "2019/7/3 0:0:0", 997, 520.34, 1.13
501999, 1562112000, "2019/7/3 0:0:0", 997, 520.34, 1.13
503000, 1562112000, "2019/7/3 0:0:0", 998, 520.92, 1.13
503998, 1562112000, "2019/7/3 0:0:0", 997, 520.34, 1.13
504999, 1562112000, "2019/7/3 0:0:0", 997, 520.34, 1.13
505999, 1562112000, "2019/7/3 0:0:0", 997, 520.34, 1.13
506999, 1562112000, "2019/7/3 0:0:0", 998, 520.92, 1.13
508000, 1562112000, "2019/7/3 0:0:0", 997, 520.34, 1.13
508999, 1562112000, "2019/7/3 0:0:0", 996, 520.34, 1.13
510000, 1562112000, "2019/7/3 0:0:0", 998, 520.92, 1.13
510999, 1562112000, "2019/7/3 0:0:0", 996, 520.34, 1.13
512000, 1562112000, "2019/7/3 0:0:0", 997, 520.34, 1.13
512998, 1562112000, "2019/7/3 0:0:0", 997, 520.34, 1.13
513998, 1562112000, "2019/7/3 0:0:0", 997, 520.34, 1.13
514999, 1562112000, "2019/7/3 0:0:0", 996, 520.34, 1.13
515999, 1562112000, "2019/7/3 0:0:0", 998, 520.92, 1.13
517000, 1562112000, "2019/7/3 0:0:0", 997, 520.34, 1.13
517999, 1562112000, "2019/7/3 0:0:0", 997, 520.34, 1.13
519000, 1562112000, "2019/7/3 0:0:0", 998, 520.92, 1.13
519999, 1562112000, "2019/7/3 0:0:0", 997, 520.34, 1.13
520999, 1562112000, "2019/7/3 0:0:0", 997, 520.34, 1.13
521999, 1562112000, "2019/7/3 0:0:0", 996, 520.34, 1.13
522999, 1562112000, "2019/7/3 0:0:0", 997, 520.34, 1.13
523999, 1562112000, "2019/7/3 0:0:0", 996, 520.34, 1.13
524998, 1562112000, "2019/7/3 0:0:0", 998, 520.92, 1.13
526000, 1562112000, "2019/7/3 0:0:0", 997, 520.34, 1.13
526999, 1562112000, "2019/7/3 0:0:0", 996, 520.34, 1.13
528000, 1562112000, "2019/7/3 0:0:0", 998, 520.92, 1.13
528999, 1562112000, "2019/7/3 0:0:0", 997, 520.34, 1.13
529999, 1562112000, "2019/7/3 0:0:0", 997, 520.34, 1.13
530999, 1562112000, "2019/7/3 0:0:0", 997, 520.34, 1.13
531999, 1562112000, "2019/7/3 0:0:0", 997, 520.34, 1.13
533000, 1562112000, "2019/7/3 0:0:0", 997, 520.34, 1.13
533999, 1562112000, "2019/7/3 0:0:0", 998, 520.92, 1.13
535000, 1562112000, "2019/7/3 0:0:0", 997, 520.34, 1.13
535999, 1562112000, "2019/7/3 0:0:0", 997, 520.34, 1.13
536998, 1562112000, "2019/7/3 0:0:0", 997, 520.34, 1.13
537998, 1562112000, "2019/7/3 0:0:0", 997, 520.34, 1.13
538999, 1562112000, "2019/7/3 0:0:0", 997, 520.34, 1.13
540000, 1562112000, "2019/7/3 0:0:0", 997, 520.34, 1.13
540999, 1562112000, "2019/7/3 0:0:0", 997, 520.34, 1.13
542000, 1562112000, "2019/7/3 0:0:0", 997, 520.34, 1.13
542999, 1562112000, "2019/7/3 0:0:0", 998, 520.92, 1.13
544000, 1562112000, "2019/7/3 0:0:0", 997, 520.34, 1.13
544999, 1562112000, "2019/7/3 0:0:0", 997, 520.34, 1.13
545998, 1562112000, "2019/7/3 0:0:0", 997, 520.34, 1.13
546998, 1562112000, "2019/7/3 0:0:0", 997, 520.34, 1.13
547999, 1562112000, "2019/7/3 0:0:0", 997, 520.34, 1.13
548999, 1562112000, "2019/7/3 0:0:0", 997, 520.34, 1.13
549999, 1562112000, "2019/7/3 0:0:0", 997, 520.34, 1.13
550999, 1562112000, "2019/7/3 0:0:0", 997, 520.34, 1.13
551999, 1562112000, "2019/7/3 0:0:0", 998, 520.92, 1.13
552999, 1562112000, "2019/7/3 0:0:0", 997, 520.34, 1.13
553998, 1562112000, "2019/7/3 0:0:0", 996, 520.34, 1.13
554998, 1562112000, "2019/7/3 0:0:0", 997, 520.34, 1.13
556000, 1562112000, "2019/7/3 0:0:0", 997, 520.34, 1.13
556999, 1562112000, "2019/7/3 0:0:0", 997, 520.34, 1.13
558000, 1562112000, "2019/7/3 0:0:0", 998, 520.92, 1.13
558999, 1562112000, "2019/7/3 0:0:0", 997, 520.34, 1.13
560000, 1562112000, "2019/7/3 0:0:0", 996, 520.34, 1.13
561000, 1562112000, "2019/7/3 0:0:0", 998, 520.92, 1.13
561999, 1562112000, "2019/7/3 0:0:0", 996, 520.34, 1.13
562999, 1562112000, "2019/7/3 0:0:0", 997, 520.34, 1.13
563998, 1562112000, "2019/7/3 0:0:0", 996, 520.34, 1.13
564999, 1562112000, "2019/7/3 0:0:0", 996, 520.34, 1.13
565999, 1562112000, "2019/7/3 0:0:0", 997, 520.34, 1.13
566999, 1562112000, "2019/7/3 0:0:0", 998, 520.92, 1.13
567999, 1562112000, "2019/7/3 0:0:0", 997, 520.34, 1.13
568999, 1562112000, "2019/7/3 0:0:0", 997, 520.34, 1.13
569999, 1562112000, "2019/7/3 0:0:0", 998, 520.92, 1.13
570998, 1562112000, "2019/7/3 0:0:0", 997, 520.34, 1.13
572000, 1562112000, "2019/7/3 0:0:0", 997, 520.34, 1.13
572999, 1562112000, "2019/7/3 0:0:0", 996, 520.34, 1.13
574000, 1562112000, "2019/7/3 0:0:0", 998, 520.92, 1.13
574999, 1562112000, "2019/7/3 0:0:0", 996, 520.34, 1.13
576000, 1562112000, "2019/7/3 0:0:0", 997, 520.34, 1.13
576999, 1562112000, "2019/7/3 0:0:0", 997, 520.34, 1.13
577999, 1562112000, "2019/7/3 0:0:0", 997, 520.34, 1.13
578999, 1562112000, "2019/7/3 0:0:0", 998, 520.92, 1.13
579999, 1562112000, "2019/7/3 0:0:0", 997, 520.34, 1.13
580999, 1562112000, "2019/7/3 0:0:0", 997, 520.34, 1.13
581999, 1562112000, "2019/7/3 0:0:0", 997, 520.34, 1.13
583000, 1562112000, "2019/7/3 0:0:0", 998, 520.92, 1.13
583999, 1562112000, "2019/7/3 0:0:0", 997, 520.34, 1.13
584999, 1562112000, "2019/7/3 0:0:0", 997, 520.34, 1.13
585999, 1562112000, "2019/7/3 0:0:0", 997, 520.34, 1.13
586999, 1562112000, "2019/7/3 0:0:0", 997, 520.34, 1.13
588000, 1562112000, "2019/7/3 0:0:0", 998, 520.92, 1.13
588999, 1562112000, "2019/7/3 0:0:0", 997, 520.34, 1.13
590000, 1562112000, "2019/7/3 0:0:0", 997, 520.34, 1.13
590999, 1562112000, "2019/7/3 0:0:0", 997, 519.76, 1.13
592000, 1562112000, "2019/7/3 0:0:0", 998, 520.92, 1.13
592999, 1562112000, "2019/7/3 0:0:0", 997, 520.34, 1.13
593999, 1562112000, "2019/7/3 0:0:0", 997, 520.34, 1.13
595000, 1562112000, "2019/7/3 0:0:0", 997, 520.34, 1.13
595999, 1562112000, "2019/7/3 0:0:0", 997, 520.34, 1.13
597000, 1562112000, "2019/7/3 0:0:0", 998, 520.92, 1.13
597999, 1562112000, "2019/7/3 0:0:0", 997, 520.34, 1.13
599000, 1562112000, "2019/7/3 0:0:0", 997, 520.34, 1.13
599999, 1562112000, "2019/7/3 0:0:0", 997, 520.34, 1.13
600998, 1562112000, "2019/7/3 0:0:0", 997, 520.34, 1.13
601999, 1562112000, "2019/7/3 0:0:0", 997, 520.34, 1.13
602999, 1562112000, "2019/7/3 0:0:0", 997, 520.34, 1.13
603999, 1562112000, "2019/7/3 0:0:0", 997, 520.34, 1.13
604999, 1562112000, "2019/7/3 0:0:0", 997, 520.34, 1.13
606000, 1562112000, "2019/7/3 0:0:0", 998, 520.92, 1.13
606999, 1562112000, "2019/7/3 0:0:0", 997, 520.34, 1.13
608000, 1562112000, "2019/7/3 0:0:0", 996, 520.34, 1.13
608999, 1562112000, "2019/7/3 0:0:0", 997, 520.34, 1.13
609999, 1562112000, "2019/7/3 0:0:0", 997, 520.34, 1.13
610999, 1562112000, "2019/7/3 0:0:0", 997, 520.34, 1.13
611999, 1562112000, "2019/7/3 0:0:0", 997, 520.34, 1.13
612999, 1562112000, "2019/7/3 0:0:0", 997, 520.34, 1.13
613999, 1562112000, "2019/7/3 0:0:0", 997, 520.34, 1.13
615000, 1562112000, "2019/7/3 0:0:0", 998, 520.92, 1.13
615998, 1562112000, "2019/7/3 0:0:0", 996, 520.34, 1.13
616999, 1562112000, "2019/7/3 0:0:0", 997, 520.34, 1.13
617999, 1562112000, "2019/7/3 0:0:0", 997, 520.34, 1.13
618999, 1562112000, "2019/7/3 0:0:0", 997, 520.34, 1.13
620000, 1562112000, "2019/7/3 0:0:0", 997, 520.34, 1.13
620999, 1562112000, "2019/7/3 0:0:0", 997, 520.34, 1.13
622000, 1562112000, "2019/7/3 0:0:0", 997, 520.34, 1.13
622999, 1562112000, "2019/7/3 0:0:0", 997, 520.34, 1.13
623998, 1562112000, "2019/7/3 0:0:0", 998, 520.34, 1.13
624998, 1562112000, "2019/7/3 0:0:0", 996, 520.34, 1.13
625999, 1562112000, "2019/7/3 0:0:0", 996, 520.34, 1.13
626999, 1562112000, "2019/7/3 0:0:0", 997, 520.34, 1.13
627998, 1562112000, "2019/7/3 0:0:0", 997, 520.34, 1.13
629000, 1562112000, "2019/7/3 0:0:0", 997, 520.34, 1.13
629999, 1562112000, "2019/7/3 0:0:0", 997, 519.76, 1.13
631000, 1562112000, "2019/7/3 0:0:0", 997, 520.34, 1.13
631999, 1562112000, "2019/7/3 0:0:0", 997, 520.34, 1.13
632999, 1562112000, "2019/7/3 0:0:0", 998, 520.92, 1.13
633999, 1562112000, "2019/7/3 0:0:0", 997, 520.34, 1.13
634999, 1562112000, "2019/7/3 0:0:0", 997, 520.34, 1.13
635999, 1562112000, "2019/7/3 0:0:0", 997, 520.34, 1.13
636999, 1562112000, "2019/7/3 0:0:0", 997, 520.92, 1.13
638000, 1562112000, "2019/7/3 0:0:0", 997, 520.34, 1.13
638999, 1562112000, "2019/7/3 0:0:0", 997, 520.34, 1.13
640000, 1562112000, "2019/7/3 0:0:0", 997, 520.34, 1.13
640999, 1562112000, "2019/7/3 0:0:0", 997, 520.34, 1.13
641998, 1562112000, "2019/7/3 0:0:0", 998, 520.92, 1.13
643000, 1562112000, "2019/7/3 0:0:0", 997, 520.34, 1.13
643999, 1562112000, "2019/7/3 0:0:0", 996, 520.34, 1.13
645000, 1562112000, "2019/7/3 0:0:0", 997, 520.34, 1.13
645999, 1562112000, "2019/7/3 0:0:0", 997, 520.34, 1.13
647000, 1562112000, "2019/7/3 0:0:0", 998, 520.92, 1.13
647999, 1562112000, "2019/7/3 0:0:0", 996, 520.34, 1.13
648999, 1562112000, "2019/7/3 0:0:0", 998, 520.92, 1.13
649999, 1562112000, "2019/7/3 0:0:0", 998, 520.92, 1.13
650998, 1562112000, "2019/7/3 0:0:0", 997, 520.34, 1.13
652000, 1562112000, "2019/7/3 0:0:0", 997, 520.34, 1.13
652999, 1562112000, "2019/7/3 0:0:0", 997, 520.34, 1.13
653999, 1562112000, "2019/7/3 0:0:0", 997, 520.34, 1.13
654999, 1562112000, "2019/7/3 0:0:0", 997, 520.34, 1.13
656000, 1562112000, "2019/7/3 0:0:0", 998, 520.92, 1.13
656998, 1562112000, "2019/7/3 0:0:0", 996, 520.34, 1.13
657999, 1562112000, "2019/7/3 0:0:0", 997, 520.34, 1.13
659000, 1562112000, "2019/7/3 0:0:0", 998, 520.92, 1.13
659998, 1562112000, "2019/7/3 0:0:0", 997, 520.34, 1.13
661000, 1562112000, "2019/7/3 0:0:0", 997, 519.76, 1.13
661999, 1562112000, "2019/7/3 0:0:0", 997, 520.34, 1.13
663000, 1562112000, "2019/7/3 0:0:0", 998, 520.92, 1.13
663999, 1562112000, "2019/7/3 0:0:0", 996, 520.34, 1.13
664999, 1562112000, "2019/7/3 0:0:0", 996, 520.34, 1.13
665999, 1562112000, "2019/7/3 0:0:0", 997, 520.34, 1.13
666999, 1562112000, "2019/7/3 0:0:0", 997, 520.34, 1.13
668000, 1562112000, "2019/7/3 0:0:0", 998, 520.92, 1.13
668998, 1562112000, "2019/7/3 0:0:0", 997, 520.34, 1.13
670000, 1562112000, "2019/7/3 0:0:0", 997, 520.34, 1.13
670998, 1562112000, "2019/7/3 0:0:0", 997, 520.34, 1.13
671998, 1562112000, "2019/7/3 0:0:0", 998, 520.92, 1.13
672999, 1562112000, "2019/7/3 0:0:0", 997, 520.34, 1.13
673998, 1562112000, "2019/7/3 0:0:0", 997, 520.34, 1.13
674999, 1562112000, "2019/7/3 0:0:0", 998, 520.92, 1.13
675999, 1562112000, "2019/7/3 0:0:0", 997, 520.34, 1.13
676999, 1562112000, "2019/7/3 0:0:0", 998, 520.92, 1.13
677999, 1562112000, "2019/7/3 0:0:0", 997, 520.34, 1.13
679000, 1562112000, "2019/7/3 0:0:0", 997, 520.34, 1.13
679999, 1562112000, "2019/7/3 0:0:0", 997, 520.34, 1.13
680998, 1562112000, "2019/7/3 0:0:0", 998, 520.92, 1.13
682000, 1562112000, "2019/7/3 0:0:0", 997, 520.34, 1.13
682999, 1562112000, "2019/7/3 0:0:0", 997, 520.34, 1.13
684000, 1562112000, "2019/7/3 0:0:0", 998, 520.92, 1.13
684999, 1562112000, "2019/7/3 0:0:0", 997, 520.34, 1.13
686000, 1562112000, "2019/7/3 0:0:0", 998, 520.34, 1.13
686999, 1562112000, "2019/7/3 0:0:0", 997, 520.34, 1.13
688000, 1562112000, "2019/7/3 0:0:0", 997, 520.34, 1.13
688999, 1562112000, "2019/7/3 0:0:0", 997, 520.34, 1.13
689998, 1562112000, "2019/7/3 0:0:0", 997, 520.34, 1.13
690999, 1562112000, "2019/7/3 0:0:0", 997, 520.92, 1.13
691998, 1562112000, "2019/7/3 0:0:0", 997, 520.34, 1.13
693000, 1562112000, "2019/7/3 0:0:0", 996, 520.34, 1.13
693999, 1562112000, "2019/7/3 0:0:0", 996, 520.34, 1.13
695000, 1562112000, "2019/7/3 0:0:0", 998, 520.92, 1.13
695998, 1562112000, "2019/7/3 0:0:0", 997, 520.34, 1.13
696999, 1562112000, "2019/7/3 0:0:0", 997, 520.34, 1.13
697999, 1562112000, "2019/7/3 0:0:0", 997, 520.34, 1.13
698999, 1562112000, "2019/7/3 0:0:0", 997, 520.34, 1.13
699999, 1562112000, "2019/7/3 0:0:0", 997, 520.34, 1.13
700999, 1562112000, "2019/7/3 0:0:0", 996, 520.34, 1.13
702000, 1562112000, "2019/7/3 0:0:0", 998, 520.92, 1.13
702999, 1562112000, "2019/7/3 0:0:0", 996, 520.34, 1.13
704000, 1562112000, "2019/7/3 0:0:0", 998, 520.92, 1.13
704999, 1562112000, "2019/7/3 0:0:0", 996, 520.34, 1.13
705999, 1562112000, "2019/7/3 0:0:0", 997, 520.34, 1.13
706999, 1562112000, "2019/7/3 0:0:0", 997, 520.34, 1.13
707999, 1562112000, "2019/7/3 0:0:0", 997, 520.34, 1.13
708999, 1562112000, "2019/7/3 0:0:0", 997, 520.34, 1.13
709999, 1562112000, "2019/7/3 0:0:0", 997, 520.34, 1.13
711000, 1562112000, "2019/7/3 0:0:0", 998, 520.92, 1.13
711999, 1562112000, "2019/7/3 0:0:0", 996, 520.34, 1.13
712999, 1562112000, "2019/7/3 0:0:0", 998, 520.92, 1.13
713999, 1562112000, "2019/7/3 0:0:0", 996, 520.34, 1.13
714999, 1562112000, "2019/7/3 0:0:0", 997, 520.34, 1.13
715999, 1562112000, "2019/7/3 0:0:0", 997, 520.34, 1.13
716999, 1562112000, "2019/7/3 0:0:0", 997, 520.34, 1.13
718000, 1562112000, "2019/7/3 0:0:0", 997, 520.34, 1.13
718999, 1562112000, "2019/7/3 0:0:0", 997, 520.34, 1.13
720000, 1562112000, "2019/7/3 0:0:0", 998, 520.92, 1.13
720999, 1562112000, "2019/7/3 0:0:0", 997, 520.34, 1.13
721998, 1562112000, "2019/7/3 0:0:0", 998, 520.92, 1.13
723000, 1562112000, "2019/7/3 0:0:0", 997, 520.34, 1.13
723999, 1562112000, "2019/7/3 0:0:0", 997, 520.34, 1.13
725000, 1562112000, "2019/7/3 0:0:0", 997, 520.34, 1.13
725999, 1562112000, "2019/7/3 0:0:0", 997, 520.34, 1.13
727000, 1562112000, "2019/7/3 0:0:0", 998, 520.92, 1.13
727999, 1562112000, "2019/7/3 0:0:0", 997, 520.34, 1.13
728999, 1562112000, "2019/7/3 0:0:0", 997, 520.34, 1.13
729999, 1562112000, "2019/7/3 0:0:0", 997, 520.34, 1.13
730999, 1562112000, "2019/7/3 0:0:0", 998, 520.92, 1.13
731999, 1562112000, "2019/7/3 0:0:0", 997, 520.34, 1.13
732999, 1562112000, "2019/7/3 0:0:0", 997, 520.34, 1.13
734000, 1562112000, "2019/7/3 0:0:0", 998, 520.92, 1.13
734998, 1562112000, "2019/7/3 0:0:0", 996, 520.34, 1.13
736000, 1562112000, "2019/7/3 0:0:0", 997, 520.34, 1.13
736999, 1562112000, "2019/7/3 0:0:0", 997, 520.34, 1.13
737999, 1562112000, "2019/7/3 0:0:0", 997, 520.34, 1.13
738999, 1562112000, "2019/7/3 0:0:0", 996, 520.34, 1.13
739999, 1562112000, "2019/7/3 0:0:0", 998, 520.92, 1.13
741000, 1562112000, "2019/7/3 0:0:0", 997, 520.34, 1.13
741999, 1562112000, "2019/7/3 0:0:0", 997, 520.34, 1.13
743000, 1562112000, "2019/7/3 0:0:0", 997, 520.34, 1.13
743999, 1562112000, "2019/7/3 0:0:0", 996, 520.34, 1.13
744999, 1562112000, "2019/7/3 0:0:0", 998, 520.92, 1.13
745998, 1562112000, "2019/7/3 0:0:0", 996, 520.34, 1.13
746999, 1562112000, "2019/7/3 0:0:0", 996, 519.76, 1.13
747999, 1562112000, "2019/7/3 0:0:0", 997, 520.34, 1.13
748999, 1562112000, "2019/7/3 0:0:0", 998, 520.92, 1.13
749999, 1562112000, "2019/7/3 0:0:0", 997, 520.34, 1.13
750998, 1562112000, "2019/7/3 0:0:0", 996, 520.34, 1.13
751998, 1562112000, "2019/7/3 0:0:0", 998, 520.92, 1.13
752998, 1562112000, "2019/7/3 0:0:0", 997, 520.34, 1.13
753998, 1562112000, "2019/7/3 0:0:0", 997, 520.34, 1.13
754999, 1562112000, "2019/7/3 0:0:0", 997, 520.34, 1.13
755999, 1562112000, "2019/7/3 0:0:0", 997, 520.34, 1.13
756999, 1562112000, "2019/7/3 0:0:0", 997, 520.34, 1.13
757998, 1562112000, "2019/7/3 0:0:0", 998, 520.92, 1.13
759000, 1562112000, "2019/7/3 0:0:0", 997, 520.34, 1.13
759999, 1562112000, "2019/7/3 0:0:0", 997, 520.34, 1.13
760999, 1562112000, "2019/7/3 0:0:0", 998, 520.92, 1.13
761999, 1562112000, "2019/7/3 0:0:0", 997, 520.34, 1.13
762999, 1562112000, "2019/7/3 0:0:0", 996, 520.34, 1.13
764000, 1562112000, "2019/7/3 0:0:0", 997, 520.34, 1.13
764998, 1562112000, "2019/7/3 0:0:0", 997, 520.34, 1.13
766000, 1562112000, "2019/7/3 0:0:0", 997, 520.34, 1.13
766999, 1562112000, "2019/7/3 0:0:0", 998, 520.92, 1.13
767998, 1562112000, "2019/7/3 0:0:0", 997, 520.34, 1.13
768999, 1562112000, "2019/7/3 0:0:0", 997, 520.34, 1.13
769999, 1562112000, "2019/7/3 0:0:0", 997, 520.34, 1.13
770999, 1562112000, "2019/7/3 0:0:0", 997, 520.34, 1.13
771998, 1562112000, "2019/7/3 0:0:0", 997, 520.34, 1.13
772999, 1562112000, "2019/7/3 0:0:0", 998, 520.92, 1.13
773998, 1562112000, "2019/7/3 0:0:0", 997, 520.34, 1.13
775000, 1562112000, "2019/7/3 0:0:0", 997, 520.34, 1.13
776000, 1562112000, "2019/7/3 0:0:0", 998, 520.92, 1.13
776999, 1562112000, "2019/7/3 0:0:0", 997, 520.34, 1.13
777999, 1562112000, "2019/7/3 0:0:0", 996, 520.34, 1.13
778999, 1562112000, "2019/7/3 0:0:0", 997, 520.34, 1.13
780000, 1562112000, "2019/7/3 0:0:0", 997, 520.92, 1.13
780999, 1562112000, "2019/7/3 0:0:0", 996, 520.34, 1.13
782000, 1562112000, "2019/7/3 0:0:0", 996, 520.34, 1.13
782999, 1562112000, "2019/7/3 0:0:0", 997, 520.34, 1.13
784000, 1562112000, "2019/7/3 0:0:0", 997, 520.34, 1.13
784999, 1562112000, "2019/7/3 0:0:0", 997, 520.92, 1.13
785999, 1562112000, "2019/7/3 0:0:0", 997, 520.34, 1.13
786999, 1562112000, "2019/7/3 0:0:0", 996, 520.34, 1.13
787999, 1562112000, "2019/7/3 0:0:0", 996, 520.34, 1.13
789000, 1562112000, "2019/7/3 0:0:0", 996, 520.34, 1.13
789999, 1562112000, "2019/7/3 0:0:0", 997, 520.34, 1.13
791000, 1562112000, "2019/7/3 0:0:0", 997, 520.34, 1.13
792000, 1562112000, "2019/7/3 0:0:0", 998, 520.92, 1.13
792999, 1562112000, "2019/7/3 0:0:0", 997, 519.76, 1.13
794000, 1562112000, "2019/7/3 0:0:0", 998, 520.92, 1.13
794999, 1562112000, "2019/7/3 0:0:0", 997, 520.34, 1.13
796000, 1562112000, "2019/7/3 0:0:0", 996, 520.34, 1.13
796998, 1562112000, "2019/7/3 0:0:0", 997, 520.34, 1.13
797999, 1562112000, "2019/7/3 0:0:0", 998, 520.92, 1.13
798999, 1562112000, "2019/7/3 0:0:0", 996, 519.76, 1.13
800000, 1562112000, "2019/7/3 0:0:0", 997, 520.34, 1.13
800999, 1562112000, "2019/7/3 0:0:0", 996, 520.34, 1.13
801999, 1562112000, "2019/7/3 0:0:0", 997, 520.34, 1.13
802999, 1562112000, "2019/7/3 0:0:0", 998, 520.92, 1.13
803999, 1562112000, "2019/7/3 0:0:0", 996, 520.34, 1.13
804999, 1562112000, "2019/7/3 0:0:0", 997, 520.34, 1.13
805998, 1562112000, "2019/7/3 0:0:0", 997, 520.34, 1.13
806999, 1562112000, "2019/7/3 0:0:0", 998, 520.92, 1.13
807999, 1562112000, "2019/7/3 0:0:0", 997, 520.34, 1.13
808999, 1562112000, "2019/7/3 0:0:0", 997, 520.34, 1.13
809999, 1562112000, "2019/7/3 0:0:0", 997, 520.34, 1.13
810999, 1562112000, "2019/7/3 0:0:0", 997, 520.34, 1.13
812000, 1562112000, "2019/7/3 0:0:0", 998, 520.92, 1.13
812998, 1562112000, "2019/7/3 0:0:0", 996, 520.34, 1.13
814000, 1562112000, "2019/7/3 0:0:0", 996, 520.34, 1.13
814999, 1562112000, "2019/7/3 0:0:0", 997, 520.34, 1.13
816000, 1562112000, "2019/7/3 0:0:0", 998, 520.92, 1.13
816999, 1562112000, "2019/7/3 0:0:0", 997, 520.34, 1.13
817999, 1562112000, "2019/7/3 0:0:0", 997, 519.76, 1.13
818999, 1562112000, "2019/7/3 0:0:0", 996, 520.34, 1.13
819999, 1562112000, "2019/7/3 0:0:0", 997, 520.34, 1.13
821000, 1562112000, "2019/7/3 0:0:0", 998, 520.92, 1.13
821999, 1562112000, "2019/7/3 0:0:0", 997, 520.34, 1.13
823000, 1562112000, "2019/7/3 0:0:0", 997, 520.34, 1.13
823998, 1562112000, "2019/7/3 0:0:0", 996, 520.34, 1.13
824998, 1562112000, "2019/7/3 0:0:0", 997, 520.34, 1.13
825999, 1562112000, "2019/7/3 0:0:0", 997, 520.34, 1.13
826999, 1562112000, "2019/7/3 0:0:0", 996, 520.34, 1.13
827999, 1562112000, "2019/7/3 0:0:0", 997, 520.34, 1.13
828999, 1562112000, "2019/7/3 0:0:0", 996, 520.34, 1.13
829999, 1562112000, "2019/7/3 0:0:0", 998, 520.34, 1.13
830999, 1562112000, "2019/7/3 0:0:0", 997, 520.34, 1.13
832000, 1562112000, "2019/7/3 0:0:0", 996, 520.34, 1.13
832999, 1562112000, "2019/7/3 0:0:0", 998, 520.92, 1.13
833999, 1562112000, "2019/7/3 0:0:0", 996, 520.34, 1.13
834999, 1562112000, "2019/7/3 0:0:0", 997, 520.34, 1.13
835999, 1562112000, "2019/7/3 0:0:0", 997, 519.76, 1.13
837000, 1562112000, "2019/7/3 0:0:0", 996, 520.34, 1.13
837999, 1562112000, "2019/7/3 0:0:0", 997, 520.34, 1.13
839000, 1562112000, "2019/7/3 0:0:0", 998, 520.92, 1.13
839999, 1562112000, "2019/7/3 0:0:0", 997, 520.34, 1.13
840999, 1562112000, "2019/7/3 0:0:0", 997, 520.34, 1.13
841998, 1562112000, "2019/7/3 0:0:0", 996, 520.34, 1.13
842998, 1562112000, "2019/7/3 0:0:0", 997, 520.34, 1.13
843999, 1562112000, "2019/7/3 0:0:0", 997, 520.34, 1.13
844999, 1562112000, "2019/7/3 0:0:0", 996, 520.34, 1.13
846000, 1562112000, "2019/7/3 0:0:0", 997, 520.34, 1.13
846999, 1562112000, "2019/7/3 0:0:0", 996, 520.34, 1.13
848000, 1562112000, "2019/7/3 0:0:0", 998, 520.34, 1.13
848999, 1562112000, "2019/7/3 0:0:0", 997, 520.34, 1.13
849999, 1562112000, "2019/7/3 0:0:0", 996, 520.34, 1.13
850999, 1562112000, "2019/7/3 0:0:0", 997, 520.34, 1.13
851999, 1562112000, "2019/7/3 0:0:0", 996, 520.34, 1.13
853000, 1562112000, "2019/7/3 0:0:0", 998, 520.92, 1.13
853998, 1562112000, "2019/7/3 0:0:0", 997, 520.34, 1.13
855000, 1562112000, "2019/7/3 0:0:0", 997, 520.34, 1.13
855999, 1562112000, "2019/7/3 0:0:0", 997, 520.34, 1.13
856999, 1562112000, "2019/7/3 0:0:0", 998, 520.92, 1.13
857999, 1562112000, "2019/7/3 0:0:0", 997, 520.34, 1.13
858999, 1562112000, "2019/7/3 0:0:0", 997, 520.34, 1.13
859999, 1562112000, "2019/7/3 0:0:0", 997, 520.34, 1.13
860999, 1562112000, "2019/7/3 0:0:0", 997, 520.34, 1.13
862000, 1562112000, "2019/7/3 0:0:0", 998, 520.92, 1.13
862999, 1562112000, "2019/7/3 0:0:0", 997, 520.34, 1.13
864000, 1562112000, "2019/7/3 0:0:0", 997, 520.34, 1.13
864999, 1562112000, "2019/7/3 0:0:0", 997, 520.34, 1.13
865999, 1562112000, "2019/7/3 0:0:0", 998, 520.92, 1.13
866998, 1562112000, "2019/7/3 0:0:0", 997, 520.34, 1.13
867999, 1562112000, "2019/7/3 0:0:0", 997, 520.34, 1.13
869000, 1562112000, "2019/7/3 0:0:0", 996, 520.34, 1.13
869998, 1562112000, "2019/7/3 0:0:0", 996, 520.34, 1.13
870999, 1562112000, "2019/7/3 0:0:0", 997, 520.92, 1.13
871999, 1562112000, "2019/7/3 0:0:0", 996, 520.34, 1.13
872998, 1562112000, "2019/7/3 0:0:0", 997, 520.34, 1.13
873999, 1562112000, "2019/7/3 0:0:0", 997, 520.34, 1.13
874998, 1562112000, "2019/7/3 0:0:0", 998, 520.92, 1.13
875999, 1562112000, "2019/7/3 0:0:0", 997, 520.34, 1.13
876998, 1562112000, "2019/7/3 0:0:0", 997, 519.76, 1.13
877999, 1562112000, "2019/7/3 0:0:0", 998, 520.92, 1.13
878998, 1562112000, "2019/7/3 0:0:0", 996, 520.34, 1.13
879998, 1562112000, "2019/7/3 0:0:0", 997, 520.34, 1.13
880999, 1562112000, "2019/7/3 0:0:0", 996, 520.34, 1.13
881998, 1562112000, "2019/7/3 0:0:0", 997, 520.34, 1.13
882999, 1562112000, "2019/7/3 0:0:0", 997, 520.34, 1.13
883999, 1562112000, "2019/7/3 0:0:0", 998, 520.92, 1.13
885000, 1562112000, "2019/7/3 0:0:0", 996, 520.34, 1.13
885999, 1562112000, "2019/7/3 0:0:0", 996, 520.34, 1.13
887000, 1562112000, "2019/7/3 0:0:0", 998, 520.92, 1.13
887999, 1562112000, "2019/7/3 0:0:0", 997, 520.34, 1.13
888999, 1562112000, "2019/7/3 0:0:0", 997, 520.34, 1.13
889999, 1562112000, "2019/7/3 0:0:0", 997, 520.34, 1.13
890999, 1562112000, "2019/7/3 0:0:0", 997, 520.34, 1.13
891999, 1562112000, "2019/7/3 0:0:0", 997, 520.34, 1.13
892998, 1562112000, "2019/7/3 0:0:0", 997, 520.92, 1.13
894000, 1562112000, "2019/7/3 0:0:0", 996, 519.76, 1.13
894999, 1562112000, "2019/7/3 0:0:0", 997, 520.34, 1.13
895998, 1562112000, "2019/7/3 0:0:0", 996, 520.34, 1.13
896999, 1562112000, "2019/7/3 0:0:0", 998, 520.92, 1.13
897998, 1562112000, "2019/7/3 0:0:0", 996, 520.34, 1.13
898998, 1562112000, "2019/7/3 0:0:0", 997, 520.34, 1.13
899999, 1562112000, "2019/7/3 0:0:0", 997, 520.34, 1.13
900999, 1562112000, "2019/7/3 0:0:0", 996, 520.34, 1.13
901998, 1562112000, "2019/7/3 0:0:0", 998, 520.92, 1.13
903000, 1562112000, "2019/7/3 0:0:0", 996, 520.34, 1.13
903998, 1562112000, "2019/7/3 0:0:0", 997, 520.34, 1.13
904999, 1562112000, "2019/7/3 0:0:0", 997, 520.34, 1.13
905999, 1562112000, "2019/7/3 0:0:0", 997, 520.34, 1.13
906999, 1562112000, "2019/7/3 0:0:0", 997, 520.34, 1.13
907999, 1562112000, "2019/7/3 0:0:0", 996, 520.34, 1.13
908998, 1562112000, "2019/7/3 0:0:0", 997, 520.34, 1.13
909999, 1562112000, "2019/7/3 0:0:0", 997, 520.34, 1.13
910998, 1562112000, "2019/7/3 0:0:0", 998, 520.92, 1.13
911998, 1562112000, "2019/7/3 0:0:0", 997, 520.34, 1.13
912999, 1562112000, "2019/7/3 0:0:0", 996, 519.76, 1.13
913999, 1562112000, "2019/7/3 0:0:0", 997, 520.34, 1.13
914999, 1562112000, "2019/7/3 0:0:0", 997, 520.34, 1.13
915999, 1562112000, "2019/7/3 0:0:0", 997, 520.34, 1.13
916999, 1562112000, "2019/7/3 0:0:0", 997, 520.34, 1.13
917998, 1562112000, "2019/7/3 0:0:0", 997, 520.34, 1.13
919000, 1562112000, "2019/7/3 0:0:0", 997, 520.34, 1.13
920000, 1562112000, "2019/7/3 0:0:0", 998, 520.92, 1.13
920999, 1562112000, "2019/7/3 0:0:0", 997, 520.34, 1.13
921999, 1562112000, "2019/7/3 0:0:0", 997, 520.34, 1.13
922999, 1562112000, "2019/7/3 0:0:0", 997, 520.34, 1.13
924000, 1562112000, "2019/7/3 0:0:0", 997, 520.34, 1.13
924999, 1562112000, "2019/7/3 0:0:0", 996, 519.76, 1.13
926000, 1562112000, "2019/7/3 0:0:0", 996, 520.34, 1.13
926999, 1562112000, "2019/7/3 0:0:0", 997, 520.34, 1.13
928000, 1562112000, "2019/7/3 0:0:0", 997, 520.34, 1.13
928999, 1562112000, "2019/7/3 0:0:0", 998, 520.92, 1.13
929999, 1562112000, "2019/7/3 0:0:0", 996, 520.34, 1.13
930999, 1562112000, "2019/7/3 0:0:0", 997, 519.76, 1.13
931999, 1562112000, "2019/7/3 0:0:0", 997, 520.34, 1.13
933000, 1562112000, "2019/7/3 0:0:0", 998, 520.34, 1.13
933998, 1562112000, "2019/7/3 0:0:0", 996, 520.34, 1.13
934999, 1562112000, "2019/7/3 0:0:0", 997, 520.34, 1.13
935999, 1562112000, "2019/7/3 0:0:0", 997, 520.34, 1.13
936999, 1562112000, "2019/7/3 0:0:0", 997, 520.34, 1.13
938000, 1562112000, "2019/7/3 0:0:0", 998, 520.92, 1.13
938999, 1562112000, "2019/7/3 0:0:0", 997, 520.34, 1.13
940000, 1562112000, "2019/7/3 0:0:0", 997, 520.34, 1.13
940999, 1562112000, "2019/7/3 0:0:0", 996, 520.34, 1.13
941999, 1562112000, "2019/7/3 0:0:0", 997, 520.34, 1.13
942999, 1562112000, "2019/7/3 0:0:0", 996, 520.34, 1.13
944000, 1562112000, "2019/7/3 0:0:0", 998, 520.92, 1.13
945000, 1562112000, "2019/7/3 0:0:0", 997, 520.34, 1.13
945999, 1562112000, "2019/7/3 0:0:0", 997, 520.34, 1.13
947000, 1562112000, "2019/7/3 0:0:0", 998, 520.92, 1.13
947999, 1562112000, "2019/7/3 0:0:0", 997, 520.34, 1.13
949000, 1562112000, "2019/7/3 0:0:0", 997, 520.34, 1.13
949999, 1562112000, "2019/7/3 0:0:0", 996, 520.34, 1.13
951000, 1562112000, "2019/7/3 0:0:0", 998, 520.92, 1.13
951999, 1562112000, "2019/7/3 0:0:0", 996, 520.34, 1.13
952999, 1562112000, "2019/7/3 0:0:0", 996, 520.34, 1.13
953999, 1562112000, "2019/7/3 0:0:0", 997, 520.34, 1.13
954999, 1562112000, "2019/7/3 0:0:0", 997, 520.34, 1.13
955999, 1562112000, "2019/7/3 0:0:0", 998, 520.92, 1.13
956999, 1562112000, "2019/7/3 0:0:0", 997, 520.34, 1.13
958000, 1562112000, "2019/7/3 0:0:0", 996, 520.34, 1.13
958999, 1562112000, "2019/7/3 0:0:0", 997, 520.34, 1.13
960000, 1562112000, "2019/7/3 0:0:0", 998, 520.92, 1.13
960999, 1562112000, "2019/7/3 0:0:0", 997, 520.34, 1.13
961999, 1562112000, "2019/7/3 0:0:0", 996, 520.34, 1.13
962999, 1562112000, "2019/7/3 0:0:0", 997, 520.34, 1.13
963999, 1562112000, "2019/7/3 0:0:0", 997, 520.34, 1.13
965000, 1562112000, "2019/7/3 0:0:0", 998, 520.92, 1.13
965999, 1562112000, "2019/7/3 0:0:0", 997, 520.34, 1.13
967000, 1562112000, "2019/7/3 0:0:0", 997, 520.34, 1.13
967998, 1562112000, "2019/7/3 0:0:0", 997, 520.34, 1.13
968999, 1562112000, "2019/7/3 0:0:0", 997, 520.34, 1.13
969999, 1562112000, "2019/7/3 0:0:0", 997, 520.34, 1.13
970999, 1562112000, "2019/7/3 0:0:0", 997, 520.34, 1.13
972000, 1562112000, "2019/7/3 0:0:0", 997, 520.34, 1.13
972999, 1562112000, "2019/7/3 0:0:0", 997, 520.34, 1.13
973999, 1562112000, "2019/7/3 0:0:0", 998, 520.34, 1.13
974999, 1562112000, "2019/7/3 0:0:0", 996, 520.34, 1.13
975998, 1562112000, "2019/7/3 0:0:0", 997, 519.76, 1.13
976999, 1562112000, "2019/7/3 0:0:0", 997, 520.34, 1.13
977999, 1562112000, "2019/7/3 0:0:0", 996, 520.34, 1.13
978999, 1562112000, "2019/7/3 0:0:0", 997, 520.34, 1.13
979998, 1562112000, "2019/7/3 0:0:0", 997, 520.34, 1.13
980999, 1562112000, "2019/7/3 0:0:0", 997, 520.34, 1.13
981999, 1562112000, "2019/7/3 0:0:0", 996, 520.34, 1.13
983000, 1562112000, "2019/7/3 0:0:0", 998, 520.92, 1.13
983999, 1562112000, "2019/7/3 0:0:0", 997, 520.34, 1.13
984999, 1562112000, "2019/7/3 0:0:0", 997, 520.34, 1.13
986000, 1562112000, "2019/7/3 0:0:0", 998, 520.92, 1.13
986999, 1562112000, "2019/7/3 0:0:0", 996, 520.34, 1.13
987999, 1562112000, "2019/7/3 0:0:0", 997, 520.34, 1.13
988999, 1562112000, "2019/7/3 0:0:0", 998, 520.92, 1.13
990000, 1562112000, "2019/7/3 0:0:0", 997, 520.34, 1.13
990999, 1562112000, "2019/7/3 0:0:0", 997, 520.34, 1.13
991998, 1562112000, "2019/7/3 0:0:0", 998, 520.92, 1.13
992998, 1562112000, "2019/7/3 0:0:0", 997, 520.34, 1.13
993999, 1562112000, "2019/7/3 0:0:0", 997, 520.34, 1.13
994999, 1562112000, "2019/7/3 0:0:0", 997, 520.34, 1.13
995999, 1562112000, "2019/7/3 0:0:0", 997, 520.34, 1.13
997000, 1562112000, "2019/7/3 0:0:0", 996, 520.34, 1.13
997999, 1562112000, "2019/7/3 0:0:0", 997, 520.34, 1.13
999000, 1562112000, "2019/7/3 0:0:0", 997, 520.34, 1.13
999998, 1562112000, "2019/7/3 0:0:0", 997, 520.34, 1.13
1000998, 1562112000, "2019/7/3 0:0:0", 998, 520.34, 1.13
1001999, 1562112000, "2019/7/3 0:0:0", 997, 520.34, 1.13
1002999, 1562112000, "2019/7/3 0:0:0", 997, 520.34, 1.13
1004000, 1562112000, "2019/7/3 0:0:0", 997, 520.34, 1.13
1004999, 1562112000, "2019/7/3 0:0:0", 996, 520.34, 1.13
1005999, 1562112000, "2019/7/3 0:0:0", 997, 520.34, 1.13
1006999, 1562112000, "2019/7/3 0:0:0", 997, 520.34, 1.13
1008000, 1562112000, "2019/7/3 0:0:0", 997, 520.34, 1.13
1008999, 1562112000, "2019/7/3 0:0:0", 997, 520.34, 1.13
1009998, 1562112000, "2019/7/3 0:0:0", 998, 520.92, 1.13
1011000, 1562112000, "2019/7/3 0:0:0", 997, 520.34, 1.13
1011999, 1562112000, "2019/7/3 0:0:0", 997, 520.34, 1.13
1013000, 1562112000, "2019/7/3 0:0:0", 998, 520.92, 1.13
1013999, 1562112000, "2019/7/3 0:0:0", 997, 520.34, 1.13
1015000, 1562112000, "2019/7/3 0:0:0", 997, 520.34, 1.13
1015999, 1562112000, "2019/7/3 0:0:0", 996, 520.34, 1.13
1016999, 1562112000, "2019/7/3 0:0:0", 997, 520.34, 1.13
1017999, 1562112000, "2019/7/3 0:0:0", 997, 520.34, 1.13
1018999, 1562112000, "2019/7/3 0:0:0", 998, 520.92, 1.13
1020000, 1562112000, "2019/7/3 0:0:0", 997, 520.34, 1.13
1020999, 1562112000, "2019/7/3 0:0:0", 997, 520.34, 1.13
1022000, 1562112000, "2019/7/3 0:0:0", 998, 520.92, 1.13
1022999, 1562112000, "2019/7/3 0:0:0", 997, 520.34, 1.13
1024000, 1562112000, "2019/7/3 0:0:0", 997, 520.34, 1.13
1025000, 1562112000, "2019/7/3 0:0:0", 998, 520.92, 1.13
1025999, 1562112000, "2019/7/3 0:0:0", 997, 520.34, 1.13
1027000, 1562112000, "2019/7/3 0:0:0", 998, 520.92, 1.13
1027999, 1562112000, "2019/7/3 0:0:0", 996, 520.34, 1.13
1029000, 1562112000, "2019/7/3 0:0:0", 997, 520.34, 1.13
1029999, 1562112000, "2019/7/3 0:0:0", 997, 520.34, 1.13
1030999, 1562112000, "2019/7/3 0:0:0", 998, 520.92, 1.13
1031998, 1562112000, "2019/7/3 0:0:0", 997, 520.34, 1.13
1032999, 1562112000, "2019/7/3 0:0:0", 997, 520.34, 1.13
1033998, 1562112000, "2019/7/3 0:0:0", 997, 520.34, 1.13
1034999, 1562112000, "2019/7/3 0:0:0", 996, 520.34, 1.13
1036000, 1562112000, "2019/7/3 0:0:0", 998, 520.92, 1.13
1036999, 1562112000, "2019/7/3 0:0:0", 997, 520.34, 1.13
1038000, 1562112000, "2019/7/3 0:0:0", 997, 520.34, 1.13
1038999, 1562112000, "2019/7/3 0:0:0", 997, 520.34, 1.13
1039998, 1562112000, "2019/7/3 0:0:0", 997, 520.34, 1.13
1040999, 1562112000, "2019/7/3 0:0:0", 998, 520.92, 1.13
1041999, 1562112000, "2019/7/3 0:0:0", 997, 520.34, 1.13
1042999, 1562112000, "2019/7/3 0:0:0", 997, 520.34, 1.13
1043998, 1562112000, "2019/7/3 0:0:0", 996, 520.34, 1.13
1044999, 1562112000, "2019/7/3 0:0:0", 998, 520.92, 1.13
1045998, 1562112000, "2019/7/3 0:0:0", 997, 520.34, 1.13
1047000, 1562112000, "2019/7/3 0:0:0", 996, 519.76, 1.13
1047999, 1562112000, "2019/7/3 0:0:0", 997, 520.34, 1.13
1048999, 1562112000, "2019/7/3 0:0:0", 997, 520.34, 1.13
1049999, 1562112000, "2019/7/3 0:0:0", 997, 520.34, 1.13
1050999, 1562112000, "2019/7/3 0:0:0", 998, 520.92, 1.13
1052000, 1562112000, "2019/7/3 0:0:0", 997, 520.34, 1.13
1052999, 1562112000, "2019/7/3 0:0:0", 997, 520.34, 1.13
1053999, 1562112000, "2019/7/3 0:0:0", 998, 520.92, 1.13
1054999, 1562112000, "2019/7/3 0:0:0", 997, 520.34, 1.13
1056000, 1562112000, "2019/7/3 0:0:0", 997, 520.34, 1.13
1056998, 1562112000, "2019/7/3 0:0:0", 996, 520.34, 1.13
1057998, 1562112000, "2019/7/3 0:0:0", 998, 520.92, 1.13
1058998, 1562112000, "2019/7/3 0:0:0", 996, 520.34, 1.13
1059999, 1562112000, "2019/7/3 0:0:0", 997, 520.34, 1.13
1060999, 1562112000, "2019/7/3 0:0:0", 997, 520.34, 1.13
1061999, 1562112000, "2019/7/3 0:0:0", 996, 520.34, 1.13
1063000, 1562112000, "2019/7/3 0:0:0", 998, 520.34, 1.13
1063999, 1562112000, "2019/7/3 0:0:0", 997, 520.34, 1.13
1064999, 1562112000, "2019/7/3 0:0:0", 996, 520.34, 1.13
1065999, 1562112000, "2019/7/3 0:0:0", 997, 520.34, 1.13
1066999, 1562112000, "2019/7/3 0:0:0", 996, 520.34, 1.13
1068000, 1562112000, "2019/7/3 0:0:0", 998, 520.92, 1.13
1068998, 1562112000, "2019/7/3 0:0:0", 997, 520.34, 1.13
1070000, 1562112000, "2019/7/3 0:0:0", 997, 520.34, 1.13
1070999, 1562112000, "2019/7/3 0:0:0", 998, 520.92, 1.13
1071998, 1562112000, "2019/7/3 0:0:0", 997, 520.34, 1.13
1072999, 1562112000, "2019/7/3 0:0:0", 997, 519.76, 1.13
1073998, 1562112000, "2019/7/3 0:0:0", 996, 520.34, 1.13
1074999, 1562112000, "2019/7/3 0:0:0", 998, 520.92, 1.13
1075999, 1562112000, "2019/7/3 0:0:0", 997, 520.34, 1.13
1077000, 1562112000, "2019/7/3 0:0:0", 997, 520.34, 1.13
1077999, 1562112000, "2019/7/3 0:0:0", 996, 519.76, 1.13
1079000, 1562112000, "2019/7/3 0:0:0", 997, 519.76, 1.13
1079998, 1562112000, "2019/7/3 0:0:0", 998, 520.92, 1.13
1080998, 1562112000, "2019/7/3 0:0:0", 996, 520.34, 1.13
1081999, 1562112000, "2019/7/3 0:0:0", 996, 519.76, 1.13
1082999, 1562112000, "2019/7/3 0:0:0", 997, 520.34, 1.13
1084000, 1562112000, "2019/7/3 0:0:0", 997, 520.34, 1.13
1084998, 1562112000, "2019/7/3 0:0:0", 997, 520.34, 1.13
1085999, 1562112000, "2019/7/3 0:0:0", 998, 520.92, 1.13
1086998, 1562112000, "2019/7/3 0:0:0", 997, 520.34, 1.13
1087998, 1562112000, "2019/7/3 0:0:0", 997, 519.76, 1.13
1088999, 1562112000, "2019/7/3 0:0:0", 997, 520.92, 1.13
1089998, 1562112000, "2019/7/3 0:0:0", 997, 520.34, 1.13
1090998, 1562112000, "2019/7/3 0:0:0", 997, 520.34, 1.13
1091999, 1562112000, "2019/7/3 0:0:0", 997, 520.34, 1.13
1093000, 1562112000, "2019/7/3 0:0:0", 997, 520.34, 1.13
1093999, 1562112000, "2019/7/3 0:0:0", 996, 520.34, 1.13
1095000, 1562112000, "2019/7/3 0:0:0", 998, 520.92, 1.13
1095999, 1562112000, "2019/7/3 0:0:0", 997, 520.34, 1.13
1096999, 1562112000, "2019/7/3 0:0:0", 996, 520.34, 1.13
1098000, 1562112000, "2019/7/3 0:0:0", 998, 520.92, 1.13
1098999, 1562112000, "2019/7/3 0:0:0", 996, 520.34, 1.13
1100000, 1562112000, "2019/7/3 0:0:0", 997, 520.34, 1.13
1100999, 1562112000, "2019/7/3 0:0:0", 997, 520.34, 1.13
1102000, 1562112000, "2019/7/3 0:0:0", 997, 520.34, 1.13
1102999, 1562112000, "2019/7/3 0:0:0", 997, 520.34, 1.13
1104000, 1562112000, "2019/7/3 0:0:0", 998, 520.92, 1.13
1104999, 1562112000, "2019/7/3 0:0:0", 997, 520.34, 1.13
1105999, 1562112000, "2019/7/3 0:0:0", 997, 520.34, 1.13
1107000, 1562112000, "2019/7/3 0:0:0", 998, 520.92, 1.13
1107998, 1562112000, "2019/7/3 0:0:0", 997, 520.34, 1.13
1108999, 1562112000, "2019/7/3 0:0:0", 997, 520.34, 1.13
1109998, 1562112000, "2019/7/3 0:0:0", 997, 520.34, 1.13
1110999, 1562112000, "2019/7/3 0:0:0", 998, 520.92, 1.13
1111998, 1562112000, "2019/7/3 0:0:0", 997, 520.34, 1.13
1112999, 1562112000, "2019/7/3 0:0:0", 997, 520.34, 1.13
1113998, 1562112000, "2019/7/3 0:0:0", 997, 520.34, 1.13
1114999, 1562112000, "2019/7/3 0:0:0", 997, 520.34, 1.13
1116000, 1562112000, "2019/7/3 0:0:0", 998, 520.92, 1.13
1116999, 1562112000, "2019/7/3 0:0:0", 997, 520.34, 1.13
1118000, 1562112000, "2019/7/3 0:0:0", 997, 520.34, 1.13
1118999, 1562112000, "2019/7/3 0:0:0", 997, 520.34, 1.13
1120000, 1562112000, "2019/7/3 0:0:0", 998, 520.92, 1.13
1120999, 1562112000, "2019/7/3 0:0:0", 997, 520.34, 1.13
1121999, 1562112000, "2019/7/3 0:0:0", 997, 520.34, 1.13
1122999, 1562112000, "2019/7/3 0:0:0", 997, 520.34, 1.13
1123998, 1562112000, "2019/7/3 0:0:0", 998, 520.92, 1.13
1125000, 1562112000, "2019/7/3 0:0:0", 997, 520.34, 1.13
1125998, 1562112000, "2019/7/3 0:0:0", 997, 520.34, 1.13
1126999, 1562112000, "2019/7/3 0:0:0", 998, 520.92, 1.13
1127999, 1562112000, "2019/7/3 0:0:0", 996, 520.34, 1.13
1128999, 1562112000, "2019/7/3 0:0:0", 997, 520.34, 1.13
1130000, 1562112000, "2019/7/3 0:0:0", 998, 520.92, 1.13
1130998, 1562112000, "2019/7/3 0:0:0", 997, 520.34, 1.13
1131999, 1562112000, "2019/7/3 0:0:0", 997, 520.34, 1.13
1132999, 1562112000, "2019/7/3 0:0:0", 997, 520.92, 1.13
1134000, 1562112000, "2019/7/3 0:0:0", 997, 520.34, 1.13
1134999, 1562112000, "2019/7/3 0:0:0", 996, 520.34, 1.13
1136000, 1562112000, "2019/7/3 0:0:0", 998, 520.34, 1.13
1136999, 1562112000, "2019/7/3 0:0:0", 996, 520.34, 1.13
1137998, 1562112000, "2019/7/3 0:0:0", 997, 520.34, 1.13
1138999, 1562112000, "2019/7/3 0:0:0", 998, 520.34, 1.13
1139998, 1562112000, "2019/7/3 0:0:0", 997, 520.34, 1.13
1141000, 1562112000, "2019/7/3 0:0:0", 996, 520.34, 1.13
1141998, 1562112000, "2019/7/3 0:0:0", 998, 520.92, 1.13
1142999, 1562112000, "2019/7/3 0:0:0", 997, 520.34, 1.13
1143998, 1562112000, "2019/7/3 0:0:0", 996, 520.34, 1.13
1144999, 1562112000, "2019/7/3 0:0:0", 997, 520.34, 1.13
1145999, 1562112000, "2019/7/3 0:0:0", 997, 520.34, 1.13
1146999, 1562112000, "2019/7/3 0:0:0", 997, 520.34, 1.13
1148000, 1562112000, "2019/7/3 0:0:0", 998, 520.92, 1.13
1148998, 1562112000, "2019/7/3 0:0:0", 997, 520.34, 1.13
1149999, 1562112000, "2019/7/3 0:0:0", 997, 520.34, 1.13
1150998, 1562112000, "2019/7/3 0:0:0", 998, 520.92, 1.13
1152000, 1562112000, "2019/7/3 0:0:0", 997, 520.34, 1.13
1152999, 1562112000, "2019/7/3 0:0:0", 997, 520.34, 1.13
1153999, 1562112000, "2019/7/3 0:0:0", 998, 520.92, 1.13
1154998, 1562112000, "2019/7/3 0:0:0", 997, 520.34, 1.13
1155999, 1562112000, "2019/7/3 0:0:0", 997, 520.34, 1.13
1157000, 1562112000, "2019/7/3 0:0:0", 997, 520.34, 1.13
1157999, 1562112000, "2019/7/3 0:0:0", 997, 520.34, 1.13
1158999, 1562112000, "2019/7/3 0:0:0", 997, 520.34, 1.13
1159999, 1562112000, "2019/7/3 0:0:0", 998, 520.92, 1.13
1160999, 1562112000, "2019/7/3 0:0:0", 996, 520.34, 1.13
1161999, 1562112000, "2019/7/3 0:0:0", 997, 520.34, 1.13
1162999, 1562112000, "2019/7/3 0:0:0", 997, 520.34, 1.13
1164000, 1562112000, "2019/7/3 0:0:0", 997, 520.34, 1.13
1164999, 1562112000, "2019/7/3 0:0:0", 997, 520.34, 1.13
1166000, 1562112000, "2019/7/3 0:0:0", 998, 520.92, 1.13
1166998, 1562112000, "2019/7/3 0:0:0", 997, 520.34, 1.13
1168000, 1562112000, "2019/7/3 0:0:0", 997, 520.34, 1.13
1169000, 1562112000, "2019/7/3 0:0:0", 998, 520.92, 1.13
1169999, 1562112000, "2019/7/3 0:0:0", 997, 520.34, 1.13
1170999, 1562112000, "2019/7/3 0:0:0", 997, 520.34, 1.13
1171998, 1562112000, "2019/7/3 0:0:0", 996, 520.34, 1.13
1173000, 1562112000, "2019/7/3 0:0:0", 997, 520.34, 1.13
1173999, 1562112000, "2019/7/3 0:0:0", 997, 520.34, 1.13
1174999, 1562112000, "2019/7/3 0:0:0", 997, 520.34, 1.13
1175999, 1562112000, "2019/7/3 0:0:0", 997, 520.34, 1.13
1176999, 1562112000, "2019/7/3 0:0:0", 998, 520.92, 1.13
1177999, 1562112000, "2019/7/3 0:0:0", 997, 520.34, 1.13
1178999, 1562112000, "2019/7/3 0:0:0", 997, 520.34, 1.13
1180000, 1562112000, "2019/7/3 0:0:0", 998, 520.92, 1.13
1180999, 1562112000, "2019/7/3 0:0:0", 996, 520.34, 1.13
1182000, 1562112000, "2019/7/3 0:0:0", 996, 520.34, 1.13
1182999, 1562112000, "2019/7/3 0:0:0", 996, 520.34, 1.13
1184000, 1562112000, "2019/7/3 0:0:0", 998, 520.92, 1.13
1184999, 1562112000, "2019/7/3 0:0:0", 997, 520.34, 1.13
1185999, 1562112000, "2019/7/3 0:0:0", 998, 520.92, 1.13
1186999, 1562112000, "2019/7/3 0:0:0", 996, 520.34, 1.13
1187999, 1562112000, "2019/7/3 0:0:0", 997, 520.34, 1.13
1189000, 1562112000, "2019/7/3 0:0:0", 996, 520.34, 1.13
1189999, 1562112000, "2019/7/3 0:0:0", 997, 520.34, 1.13
1190999, 1562112000, "2019/7/3 0:0:0", 998, 520.92, 1.13
1191999, 1562112000, "2019/7/3 0:0:0", 996, 520.34, 1.13
1192998, 1562112000, "2019/7/3 0:0:0", 997, 520.34, 1.13
1193999, 1562112000, "2019/7/3 0:0:0", 997, 520.34, 1.13
1194999, 1562112000, "2019/7/3 0:0:0", 998, 520.92, 1.13
1196000, 1562112000, "2019/7/3 0:0:0", 997, 520.34, 1.13
1196999, 1562112000, "2019/7/3 0:0:0", 997, 520.34, 1.13
1198000, 1562112000, "2019/7/3 0:0:0", 997, 520.34, 1.13
1198999, 1562112000, "2019/7/3 0:0:0", 997, 520.34, 1.13
1200000, 1562112000, "2019/7/3 0:0:0", 998, 520.92, 1.13
1200999, 1562112000, "2019/7/3 0:0:0", 997, 520.34, 1.13
1201999, 1562112000, "2019/7/3 0:0:0", 997, 520.34, 1.13
1202999, 1562112000, "2019/7/3 0:0:0", 997, 520.34, 1.13
1203998, 1562112000, "2019/7/3 0:0:0", 998, 520.92, 1.13
1205000, 1562112000, "2019/7/3 0:0:0", 996, 520.34, 1.13
1205999, 1562112000, "2019/7/3 0:0:0", 996, 520.34, 1.13
1207000, 1562112000, "2019/7/3 0:0:0", 997, 520.34, 1.13
1207999, 1562112000, "2019/7/3 0:0:0", 996, 520.34, 1.13
1208999, 1562112000, "2019/7/3 0:0:0", 997, 520.34, 1.13
1210000, 1562112000, "2019/7/3 0:0:0", 998, 520.92, 1.13
1210998, 1562112000, "2019/7/3 0:0:0", 997, 520.34, 1.13
1211999, 1562112000, "2019/7/3 0:0:0", 997, 520.34, 1.13
1212999, 1562112000, "2019/7/3 0:0:0", 998, 520.92, 1.13
1213999, 1562112000, "2019/7/3 0:0:0", 997, 520.34, 1.13
1214999, 1562112000, "2019/7/3 0:0:0", 996, 520.34, 1.13
1216000, 1562112000, "2019/7/3 0:0:0", 997, 520.34, 1.13
1217000, 1562112000, "2019/7/3 0:0:0", 998, 520.92, 1.13
1217999, 1562112000, "2019/7/3 0:0:0", 997, 520.34, 1.13
1218999, 1562112000, "2019/7/3 0:0:0", 996, 520.34, 1.13
1219999, 1562112000, "2019/7/3 0:0:0", 997, 520.34, 1.13
1220999, 1562112000, "2019/7/3 0:0:0", 997, 520.34, 1.13
1221999, 1562112000, "2019/7/3 0:0:0", 998, 520.92, 1.13
1223000, 1562112000, "2019/7/3 0:0:0", 997, 520.34, 1.13
1223999, 1562112000, "2019/7/3 0:0:0", 997, 519.76, 1.13
1224999, 1562112000, "2019/7/3 0:0:0", 997, 520.34, 1.13
1226000, 1562112000, "2019/7/3 0:0:0", 998, 520.92, 1.13
1226999, 1562112000, "2019/7/3 0:0:0", 996, 520.34, 1.13
1228000, 1562112000, "2019/7/3 0:0:0", 997, 520.34, 1.13
1228999, 1562112000, "2019/7/3 0:0:0", 997, 520.34, 1.13
1230000, 1562112000, "2019/7/3 0:0:0", 998, 520.92, 1.13
1230998, 1562112000, "2019/7/3 0:0:0", 996, 520.34, 1.13
1232000, 1562112000, "2019/7/3 0:0:0", 996, 520.34, 1.13
1232999, 1562112000, "2019/7/3 0:0:0", 997, 520.34, 1.13
1233999, 1562112000, "2019/7/3 0:0:0", 996, 520.34, 1.13
1235000, 1562112000, "2019/7/3 0:0:0", 998, 520.92, 1.13
1235998, 1562112000, "2019/7/3 0:0:0", 997, 519.76, 1.13
1237000, 1562112000, "2019/7/3 0:0:0", 997, 520.34, 1.13
1237999, 1562112000, "2019/7/3 0:0:0", 997, 520.34, 1.13
1239000, 1562112000, "2019/7/3 0:0:0", 998, 520.92, 1.13
1239999, 1562112000, "2019/7/3 0:0:0", 996, 520.34, 1.13
1240999, 1562112000, "2019/7/3 0:0:0", 996, 520.34, 1.13
1241999, 1562112000, "2019/7/3 0:0:0", 997, 520.34, 1.13
1242999, 1562112000, "2019/7/3 0:0:0", 997, 520.34, 1.13
1244000, 1562112000, "2019/7/3 0:0:0", 998, 520.92, 1.13
1244999, 1562112000, "2019/7/3 0:0:0", 997, 520.34, 1.13
1246000, 1562112000, "2019/7/3 0:0:0", 997, 520.34, 1.13
1246998, 1562112000, "2019/7/3 0:0:0", 996, 520.34, 1.13
1247998, 1562112000, "2019/7/3 0:0:0", 998, 520.92, 1.13
1248999, 1562112000, "2019/7/3 0:0:0", 996, 520.34, 1.13
1249999, 1562112000, "2019/7/3 0:0:0", 996, 519.76, 1.13
1250999, 1562112000, "2019/7/3 0:0:0", 996, 519.76, 1.13
1251998, 1562112000, "2019/7/3 0:0:0", 997, 520.34, 1.13
1252999, 1562112000, "2019/7/3 0:0:0", 998, 520.92, 1.13
1253999, 1562112000, "2019/7/3 0:0:0", 996, 520.34, 1.13
1255000, 1562112000, "2019/7/3 0:0:0", 996, 520.34, 1.13
1255999, 1562112000, "2019/7/3 0:0:0", 997, 520.34, 1.13
1256998, 1562112000, "2019/7/3 0:0:0", 998, 520.92, 1.13
1257998, 1562112000, "2019/7/3 0:0:0", 996, 520.34, 1.13
1258999, 1562112000, "2019/7/3 0:0:0", 997, 520.34, 1.13
1260000, 1562112000, "2019/7/3 0:0:0", 996, 520.34, 1.13
1260998, 1562112000, "2019/7/3 0:0:0", 996, 520.34, 1.13
1261999, 1562112000, "2019/7/3 0:0:0", 998, 520.92, 1.13
1262998, 1562112000, "2019/7/3 0:0:0", 997, 520.34, 1.13
1264000, 1562112000, "2019/7/3 0:0:0", 997, 520.34, 1.13
1264999, 1562112000, "2019/7/3 0:0:0", 997, 520.34, 1.13
1265998, 1562112000, "2019/7/3 0:0:0", 998, 520.92, 1.13
1267000, 1562112000, "2019/7/3 0:0:0", 997, 520.34, 1.13
1267999, 1562112000, "2019/7/3 0:0:0", 997, 520.34, 1.13
1269000, 1562112000, "2019/7/3 0:0:0", 998, 520.92, 1.13
1269999, 1562112000, "2019/7/3 0:0:0", 996, 520.34, 1.13
1271000, 1562112000, "2019/7/3 0:0:0", 997, 520.34, 1.13
1272000, 1562112000, "2019/7/3 0:0:0", 998, 520.92, 1.13
1272998, 1562112000, "2019/7/3 0:0:0", 998, 520.92, 1.13
1274000, 1562112000, "2019/7/3 0:0:0", 998, 520.34, 1.13
1274999, 1562112000, "2019/7/3 0:0:0", 997, 520.34, 1.13
1276000, 1562112000, "2019/7/3 0:0:0", 997, 520.34, 1.13
1276999, 1562112000, "2019/7/3 0:0:0", 997, 520.34, 1.13
1277999, 1562112000, "2019/7/3 0:0:0", 998, 520.92, 1.13
1278999, 1562112000, "2019/7/3 0:0:0", 997, 520.34, 1.13
1279998, 1562112000, "2019/7/3 0:0:0", 997, 520.34, 1.13
1280998, 1562112000, "2019/7/3 0:0:0", 997, 520.34, 1.13
1281999, 1562112000, "2019/7/3 0:0:0", 997, 520.34, 1.13
1283000, 1562112000, "2019/7/3 0:0:0", 998, 520.92, 1.13
1283999, 1562112000, "2019/7/3 0:0:0", 997, 519.76, 1.13
1285000, 1562112000, "2019/7/3 0:0:0", 996, 520.34, 1.13
1285999, 1562112000, "2019/7/3 0:0:0", 996, 520.34, 1.13
1287000, 1562112000, "2019/7/3 0:0:0", 998, 520.92, 1.13
1287999, 1562112000, "2019/7/3 0:0:0", 996, 520.34, 1.13
1288999, 1562112000, "2019/7/3 0:0:0", 997, 520.34, 1.13
1289999, 1562112000, "2019/7/3 0:0:0", 996, 520.34, 1.13
1290999, 1562112000, "2019/7/3 0:0:0", 997, 520.34, 1.13
1291999, 1562112000, "2019/7/3 0:0:0", 998, 520.92, 1.13
1292999, 1562112000, "2019/7/3 0:0:0", 997, 520.34, 1.13
1293999, 1562112000, "2019/7/3 0:0:0", 997, 520.34, 1.13
1294999, 1562112000, "2019/7/3 0:0:0", 996, 520.34, 1.13
1296000, 1562112000, "2019/7/3 0:0:0", 998, 520.92, 1.13
1297000, 1562112000, "2019/7/3 0:0:0", 997, 520.34, 1.13
1297999, 1562112000, "2019/7/3 0:0:0", 997, 520.34, 1.13
1299000, 1562112000, "2019/7/3 0:0:0", 997, 520.34, 1.13
1299999, 1562112000, "2019/7/3 0:0:0", 996, 520.34, 1.13
1300999, 1562112000, "2019/7/3 0:0:0", 998, 520.92, 1.13
1301999, 1562112000, "2019/7/3 0:0:0", 997, 520.34, 1.13
1303000, 1562112000, "2019/7/3 0:0:0", 996, 520.34, 1.13
1303999, 1562112000, "2019/7/3 0:0:0", 996, 520.34, 1.13
1304999, 1562112000, "2019/7/3 0:0:0", 998, 520.34, 1.13
1305999, 1562112000, "2019/7/3 0:0:0", 997, 520.34, 1.13
1306999, 1562112000, "2019/7/3 0:0:0", 996, 520.34, 1.13
1307999, 1562112000, "2019/7/3 0:0:0", 997, 520.34, 1.13
1308999, 1562112000, "2019/7/3 0:0:0", 997, 520.34, 1.13
1310000, 1562112000, "2019/7/3 0:0:0", 998, 520.92, 1.13
1310998, 1562112000, "2019/7/3 0:0:0", 997, 520.34, 1.13
1312000, 1562112000, "2019/7/3 0:0:0", 997, 520.34, 1.13
1312999, 1562112000, "2019/7/3 0:0:0", 997, 520.34, 1.13
1313999, 1562112000, "2019/7/3 0:0:0", 997, 520.34, 1.13
1315000, 1562112000, "2019/7/3 0:0:0", 998, 520.92, 1.13
1315998, 1562112000, "2019/7/3 0:0:0", 997, 520.34, 1.13
1317000, 1562112000, "2019/7/3 0:0:0", 997, 520.34, 1.13
1317999, 1562112000, "2019/7/3 0:0:0", 996, 520.34, 1.13
1318999, 1562112000, "2019/7/3 0:0:0", 998, 520.92, 1.13
1319999, 1562112000, "2019/7/3 0:0:0", 997, 520.34, 1.13
1320999, 1562112000, "2019/7/3 0:0:0", 997, 519.76, 1.13
1322000, 1562112000, "2019/7/3 0:0:0", 998, 520.34, 1.13
1322999, 1562112000, "2019/7/3 0:0:0", 996, 520.34, 1.13
1324000, 1562112000, "2019/7/3 0:0:0", 997, 520.34, 1.13
1324999, 1562112000, "2019/7/3 0:0:0", 996, 520.34, 1.13
1326000, 1562112000, "2019/7/3 0:0:0", 997, 520.34, 1.13
1326999, 1562112000, "2019/7/3 0:0:0", 998, 520.92, 1.13
1327998, 1562112000, "2019/7/3 0:0:0", 997, 520.34, 1.13
1328999, 1562112000, "2019/7/3 0:0:0", 996, 520.34, 1.13
1329999, 1562112000, "2019/7/3 0:0:0", 997, 520.34, 1.13
1330999, 1562112000, "2019/7/3 0:0:0", 997, 520.34, 1.13
1331999, 1562112000, "2019/7/3 0:0:0", 998, 520.92, 1.13
1332999, 1562112000, "2019/7/3 0:0:0", 997, 520.34, 1.13
1333999, 1562112000, "2019/7/3 0:0:0", 996, 520.34, 1.13
1334999, 1562112000, "2019/7/3 0:0:0", 997, 520.34, 1.13
1335999, 1562112000, "2019/7/3 0:0:0", 998, 520.92, 1.13
1336999, 1562112000, "2019/7/3 0:0:0", 996, 520.34, 1.13
1337999, 1562112000, "2019/7/3 0:0:0", 997, 520.34, 1.13
1338999, 1562112000, "2019/7/3 0:0:0", 996, 520.34, 1.13
1340000, 1562112000, "2019/7/3 0:0:0", 997, 520.34, 1.13
1340998, 1562112000, "2019/7/3 0:0:0", 997, 520.34, 1.13
1341999, 1562112000, "2019/7/3 0:0:0", 998, 520.34, 1.13
1342998, 1562112000, "2019/7/3 0:0:0", 997, 520.34, 1.13
1344000, 1562112000, "2019/7/3 0:0:0", 997, 520.34, 1.13
1345000, 1562112000, "2019/7/3 0:0:0", 998, 520.34, 1.13
1345998, 1562112000, "2019/7/3 0:0:0", 997, 520.34, 1.13
1346998, 1562112000, "2019/7/3 0:0:0", 997, 519.76, 1.13
1347999, 1562112000, "2019/7/3 0:0:0", 996, 520.34, 1.13
1349000, 1562112000, "2019/7/3 0:0:0", 997, 520.34, 1.13
1349999, 1562112000, "2019/7/3 0:0:0", 997, 520.34, 1.13
1351000, 1562112000, "2019/7/3 0:0:0", 998, 520.92, 1.13
1351998, 1562112000, "2019/7/3 0:0:0", 997, 520.34, 1.13
1352999, 1562112000, "2019/7/3 0:0:0", 997, 520.34, 1.13
1353999, 1562112000, "2019/7/3 0:0:0", 998, 520.92, 1.13
1354999, 1562112000, "2019/7/3 0:0:0", 997, 520.34, 1.13
1356000, 1562112000, "2019/7/3 0:0:0", 997, 520.34, 1.13
1356998, 1562112000, "2019/7/3 0:0:0", 997, 520.34, 1.13
1357999, 1562112000, "2019/7/3 0:0:0", 998, 520.92, 1.13
1358999, 1562112000, "2019/7/3 0:0:0", 997, 520.34, 1.13
1360000, 1562112000, "2019/7/3 0:0:0", 996, 520.34, 1.13
1361000, 1562112000, "2019/7/3 0:0:0", 997, 520.34, 1.13
1361999, 1562112000, "2019/7/3 0:0:0", 997, 520.34, 1.13
1362999, 1562112000, "2019/7/3 0:0:0", 998, 520.92, 1.13
1363998, 1562112000, "2019/7/3 0:0:0", 996, 520.34, 1.13
1365000, 1562112000, "2019/7/3 0:0:0", 997, 520.34, 1.13
1365999, 1562112000, "2019/7/3 0:0:0", 997, 520.34, 1.13
1367000, 1562112000, "2019/7/3 0:0:0", 998, 520.92, 1.13
1367998, 1562112000, "2019/7/3 0:0:0", 997, 520.34, 1.13
1368999, 1562112000, "2019/7/3 0:0:0", 997, 520.34, 1.13
1369999, 1562112000, "2019/7/3 0:0:0", 997, 520.34, 1.13
1370999, 1562112000, "2019/7/3 0:0:0", 996, 520.34, 1.13
1372000, 1562112000, "2019/7/3 0:0:0", 998, 520.92, 1.13
1372999, 1562112000, "2019/7/3 0:0:0", 997, 520.34, 1.13
1374000, 1562112000, "2019/7/3 0:0:0", 997, 520.34, 1.13
1374999, 1562112000, "2019/7/3 0:0:0", 997, 520.34, 1.13
1376000, 1562112000, "2019/7/3 0:0:0", 998, 520.92, 1.13
1376998, 1562112000, "2019/7/3 0:0:0", 997, 520.34, 1.13
1377999, 1562112000, "2019/7/3 0:0:0", 997, 520.34, 1.13
1378999, 1562112000, "2019/7/3 0:0:0", 997, 520.34, 1.13
1379999, 1562112000, "2019/7/3 0:0:0", 998, 520.92, 1.13
1381000, 1562112000, "2019/7/3 0:0:0", 997, 520.34, 1.13
1381999, 1562112000, "2019/7/3 0:0:0", 997, 520.34, 1.13
1383000, 1562112000, "2019/7/3 0:0:0", 997, 519.76, 1.13
1384000, 1562112000, "2019/7/3 0:0:0", 998, 520.34, 1.13
1384998, 1562112000, "2019/7/3 0:0:0", 996, 520.34, 1.13
1385998, 1562112000, "2019/7/3 0:0:0", 997, 520.34, 1.13
1386999, 1562112000, "2019/7/3 0:0:0", 996, 520.34, 1.13
1387999, 1562112000, "2019/7/3 0:0:0", 996, 520.34, 1.13
1388998, 1562112000, "2019/7/3 0:0:0", 997, 520.34, 1.13
1389999, 1562112000, "2019/7/3 0:0:0", 997, 520.34, 1.13
1390999, 1562112000, "2019/7/3 0:0:0", 996, 519.76, 1.13
1392000, 1562112000, "2019/7/3 0:0:0", 997, 520.92, 1.13
1392999, 1562112000, "2019/7/3 0:0:0", 997, 520.34, 1.13
1393999, 1562112000, "2019/7/3 0:0:0", 997, 520.34, 1.13
1394999, 1562112000, "2019/7/3 0:0:0", 997, 520.34, 1.13
1395999, 1562112000, "2019/7/3 0:0:0", 997, 520.34, 1.13
1396999, 1562112000, "2019/7/3 0:0:0", 997, 520.34, 1.13
1397998, 1562112000, "2019/7/3 0:0:0", 997, 520.92, 1.13
1398999, 1562112000, "2019/7/3 0:0:0", 997, 520.34, 1.13
1399999, 1562112000, "2019/7/3 0:0:0", 997, 520.34, 1.13
1400999, 1562112000, "2019/7/3 0:0:0", 997, 520.34, 1.13
1401999, 1562112000, "2019/7/3 0:0:0", 996, 520.34, 1.13
1402999, 1562112000, "2019/7/3 0:0:0", 996, 520.34, 1.13
1404000, 1562112000, "2019/7/3 0:0:0", 997, 520.34, 1.13
1404999, 1562112000, "2019/7/3 0:0:0", 997, 520.34, 1.13
1406000, 1562112000, "2019/7/3 0:0:0", 997, 520.34, 1.13
1406998, 1562112000, "2019/7/3 0:0:0", 998, 520.34, 1.13
1408000, 1562112000, "2019/7/3 0:0:0", 996, 520.34, 1.13
1408998, 1562112000, "2019/7/3 0:0:0", 997, 520.34, 1.13
1409998, 1562112000, "2019/7/3 0:0:0", 998, 520.92, 1.13
1410998, 1562112000, "2019/7/3 0:0:0", 997, 520.34, 1.13
1411999, 1562112000, "2019/7/3 0:0:0", 997, 520.34, 1.13
1413000, 1562112000, "2019/7/3 0:0:0", 996, 520.34, 1.13
1413998, 1562112000, "2019/7/3 0:0:0", 997, 520.34, 1.13
1415000, 1562112000, "2019/7/3 0:0:0", 997, 519.76, 1.13
1416000, 1562112000, "2019/7/3 0:0:0", 998, 520.34, 1.13
1416998, 1562112000, "2019/7/3 0:0:0", 997, 520.34, 1.13
1417999, 1562112000, "2019/7/3 0:0:0", 997, 520.34, 1.13
1418999, 1562112000, "2019/7/3 0:0:0", 996, 520.34, 1.13
1419999, 1562112000, "2019/7/3 0:0:0", 997, 520.34, 1.13
1420999, 1562112000, "2019/7/3 0:0:0", 997, 520.34, 1.13
1422000, 1562112000, "2019/7/3 0:0:0", 997, 520.34, 1.13
1422998, 1562112000, "2019/7/3 0:0:0", 997, 520.34, 1.13
1424000, 1562112000, "2019/7/3 0:0:0", 997, 520.34, 1.13
1424999, 1562112000, "2019/7/3 0:0:0", 998, 520.92, 1.13
1425999, 1562112000, "2019/7/3 0:0:0", 997, 520.34, 1.13
1426999, 1562112000, "2019/7/3 0:0:0", 997, 520.34, 1.13
1427999, 1562112000, "2019/7/3 0:0:0", 997, 520.34, 1.13
1429000, 1562112000, "2019/7/3 0:0:0", 998, 520.92, 1.13
1429999, 1562112000, "2019/7/3 0:0:0", 997, 520.34, 1.13
1431000, 1562112000, "2019/7/3 0:0:0", 997, 520.34, 1.13
1431999, 1562112000, "2019/7/3 0:0:0", 997, 520.34, 1.13
1432998, 1562112000, "2019/7/3 0:0:0", 998, 520.92, 1.13
1433999, 1562112000, "2019/7/3 0:0:0", 996, 520.34, 1.13
1434999, 1562112000, "2019/7/3 0:0:0", 996, 519.76, 1.13
1436000, 1562112000, "2019/7/3 0:0:0", 997, 520.34, 1.13
1436999, 1562112000, "2019/7/3 0:0:0", 997, 520.34, 1.13
1437999, 1562112000, "2019/7/3 0:0:0", 997, 520.34, 1.13
1438999, 1562112000, "2019/7/3 0:0:0", 997, 520.34, 1.13
1440000, 1562112000, "2019/7/3 0:0:0", 998, 520.92, 1.13
1440999, 1562112000, "2019/7/3 0:0:0", 997, 520.34, 1.13
1441999, 1562112000, "2019/7/3 0:0:0", 998, 520.92, 1.13
1442999, 1562112000, "2019/7/3 0:0:0", 997, 520.34, 1.13
1443999, 1562112000, "2019/7/3 0:0:0", 997, 519.76, 1.13
1445000, 1562112000, "2019/7/3 0:0:0", 998, 520.92, 1.13
1445999, 1562112000, "2019/7/3 0:0:0", 997, 520.34, 1.13
1447000, 1562112000, "2019/7/3 0:0:0", 997, 520.34, 1.13
1447999, 1562112000, "2019/7/3 0:0:0", 997, 520.34, 1.13
1448999, 1562112000, "2019/7/3 0:0:0", 997, 519.76, 1.13
1449999, 1562112000, "2019/7/3 0:0:0", 997, 520.34, 1.13
1450999, 1562112000, "2019/7/3 0:0:0", 998, 520.92, 1.13
1451999, 1562112000, "2019/7/3 0:0:0", 996, 520.34, 1.13
1452998, 1562112000, "2019/7/3 0:0:0", 997, 520.34, 1.13
1453999, 1562112000, "2019/7/3 0:0:0", 998, 520.92, 1.13
1454999, 1562112000, "2019/7/3 0:0:0", 996, 520.34, 1.13
1456000, 1562112000, "2019/7/3 0:0:0", 996, 520.34, 1.13
1456999, 1562112000, "2019/7/3 0:0:0", 997, 520.34, 1.13
1457998, 1562112000, "2019/7/3 0:0:0", 997, 520.34, 1.13
1458999, 1562112000, "2019/7/3 0:0:0", 997, 520.34, 1.13
1459999, 1562112000, "2019/7/3 0:0:0", 998, 520.92, 1.13
1461000, 1562112000, "2019/7/3 0:0:0", 996, 520.34, 1.13
1461998, 1562112000, "2019/7/3 0:0:0", 997, 520.34, 1.13
1462999, 1562112000, "2019/7/3 0:0:0", 998, 520.92, 1.13
1463998, 1562112000, "2019/7/3 0:0:0", 997, 520.34, 1.13
1464999, 1562112000, "2019/7/3 0:0:0", 997, 520.34, 1.13
1465999, 1562112000, "2019/7/3 0:0:0", 996, 520.34, 1.13
1466999, 1562112000, "2019/7/3 0:0:0", 997, 520.34, 1.13
1467999, 1562112000, "2019/7/3 0:0:0", 997, 520.34, 1.13
1468999, 1562112000, "2019/7/3 0:0:0", 998, 520.92, 1.13
1469999, 1562112000, "2019/7/3 0:0:0", 997, 520.34, 1.13
1470999, 1562112000, "2019/7/3 0:0:0", 997, 520.34, 1.13
1472000, 1562112000, "2019/7/3 0:0:0", 998, 520.92, 1.13
1472998, 1562112000, "2019/7/3 0:0:0", 997, 520.34, 1.13
1473999, 1562112000, "2019/7/3 0:0:0", 996, 520.34, 1.13
1474999, 1562112000, "2019/7/3 0:0:0", 996, 519.76, 1.13
1475999, 1562112000, "2019/7/3 0:0:0", 997, 520.34, 1.13
1476999, 1562112000, "2019/7/3 0:0:0", 997, 520.34, 1.13
1477998, 1562112000, "2019/7/3 0:0:0", 997, 520.92, 1.13
1479000, 1562112000, "2019/7/3 0:0:0", 996, 520.34, 1.13
1479998, 1562112000, "2019/7/3 0:0:0", 997, 520.34, 1.13
1480999, 1562112000, "2019/7/3 0:0:0", 997, 520.34, 1.13
1481999, 1562112000, "2019/7/3 0:0:0", 997, 520.34, 1.13
1482998, 1562112000, "2019/7/3 0:0:0", 996, 520.34, 1.13
1483999, 1562112000, "2019/7/3 0:0:0", 998, 520.34, 1.13
1484999, 1562112000, "2019/7/3 0:0:0", 997, 520.34, 1.13
1485999, 1562112000, "2019/7/3 0:0:0", 998, 520.92, 1.13
1486999, 1562112000, "2019/7/3 0:0:0", 997, 520.34, 1.13
1488000, 1562112000, "2019/7/3 0:0:0", 997, 520.34, 1.13
1489000, 1562112000, "2019/7/3 0:0:0", 998, 520.92, 1.13
1489998, 1562112000, "2019/7/3 0:0:0", 996, 520.34, 1.13
1491000, 1562112000, "2019/7/3 0:0:0", 996, 520.34, 1.13
1491999, 1562112000, "2019/7/3 0:0:0", 996, 520.34, 1.13
1493000, 1562112000, "2019/7/3 0:0:0", 998, 520.92, 1.13
1493999, 1562112000, "2019/7/3 0:0:0", 996, 520.34, 1.13
1495000, 1562112000, "2019/7/3 0:0:0", 998, 520.92, 1.13
1495999, 1562112000, "2019/7/3 0:0:0", 997, 520.34, 1.13
1496999, 1562112000, "2019/7/3 0:0:0", 996, 520.34, 1.13
